timestamp,open,high,low,close,volume,year,month,day
2020-08-28 12:00:00+00:00,1945.95,1999.0,1945.95,1981.5,5.218726,2020,8,28
2020-08-28 12:05:00+00:00,1981.0,1981.3,1970.8,1970.8,1.578303,2020,8,28
2020-08-28 12:10:00+00:00,1969.0,1969.0,1950.0,1968.99,4.021311,2020,8,28
2020-08-28 12:15:00+00:00,1965.77,1965.77,1965.76,1965.76,0.053889,2020,8,28
2020-08-28 12:20:00+00:00,1965.0,1965.0,1960.01,1964.0,0.660292,2020,8,28
2020-08-28 12:25:00+00:00,1964.02,1964.02,1964.0,1964.0,0.245319,2020,8,28
2020-08-28 12:30:00+00:00,1964.02,1965.7,1964.02,1965.7,0.792732,2020,8,28
2020-08-28 12:35:00+00:00,1965.73,1965.75,1965.73,1965.74,0.0596,2020,8,28
2020-08-28 12:40:00+00:00,1965.74,1972.56,1965.74,1965.76,1.049939,2020,8,28
2020-08-28 12:45:00+00:00,1965.72,1970.0,1965.72,1970.0,2.805895,2020,8,28
2020-08-28 12:50:00+00:00,1967.0,1967.01,1965.73,1965.73,0.421488,2020,8,28
2020-08-28 12:55:00+00:00,1971.99,1972.0,1965.73,1972.0,2.265599,2020,8,28
2020-08-28 13:00:00+00:00,1972.01,1972.01,1965.74,1965.74,1.557025,2020,8,28
2020-08-28 13:05:00+00:00,1978.95,1978.95,1977.11,1977.11,0.19695,2020,8,28
2020-08-28 13:10:00+00:00,1977.11,1977.13,1965.0,1965.92,1.297606,2020,8,28
2020-08-28 13:15:00+00:00,1965.92,2049.69,1965.92,1978.5,18.611641,2020,8,28
2020-08-28 13:20:00+00:00,1988.33,1988.35,1965.48,1978.03,2.162481,2020,8,28
2020-08-28 13:25:00+00:00,1979.01,1979.01,1965.92,1965.99,3.940713,2020,8,28
2020-08-28 13:30:00+00:00,1972.98,1973.0,1966.0,1966.0,0.646933,2020,8,28
2020-08-28 13:35:00+00:00,1968.51,1968.51,1950.0,1950.03,16.174035,2020,8,28
2020-08-28 13:40:00+00:00,1951.51,1951.66,1950.77,1950.77,1.525841,2020,8,28
2020-08-28 13:45:00+00:00,1950.05,1962.0,1950.0,1962.0,1.302063,2020,8,28
2020-08-28 13:50:00+00:00,1950.91,1950.91,1950.91,1950.91,0.01,2020,8,28
2020-08-28 13:55:00+00:00,1960.99,1962.0,1960.99,1962.0,0.736516,2020,8,28
2020-08-28 14:00:00+00:00,1950.21,1974.98,1950.21,1974.98,0.251872,2020,8,28
2020-08-28 14:05:00+00:00,1952.07,1974.99,1952.07,1974.99,0.186743,2020,8,28
2020-08-28 14:10:00+00:00,1974.97,1974.97,1974.97,1974.97,0.103745,2020,8,28
2020-08-28 14:15:00+00:00,1974.97,1974.98,1974.97,1974.98,0.55,2020,8,28
2020-08-28 14:20:00+00:00,1974.98,1974.98,1974.98,1974.98,0.0,2020,8,28
2020-08-28 14:25:00+00:00,1974.98,1974.98,1974.98,1974.98,0.0,2020,8,28
2020-08-28 14:30:00+00:00,1974.96,1974.98,1974.96,1974.98,4.549,2020,8,28
2020-08-28 14:35:00+00:00,1974.98,1974.98,1961.27,1962.5,0.329484,2020,8,28
2020-08-28 14:40:00+00:00,1962.5,1962.5,1962.5,1962.5,0.005579,2020,8,28
2020-08-28 14:45:00+00:00,1962.5,1962.5,1962.5,1962.5,0.0,2020,8,28
2020-08-28 14:50:00+00:00,1962.5,1962.5,1962.5,1962.5,0.0,2020,8,28
2020-08-28 14:55:00+00:00,1964.07,1975.0,1964.0,1975.0,0.47218,2020,8,28
2020-08-28 15:00:00+00:00,1975.0,1975.0,1975.0,1975.0,0.0,2020,8,28
2020-08-28 15:05:00+00:00,1974.07,1979.99,1964.05,1964.05,0.731971,2020,8,28
2020-08-28 15:10:00+00:00,1964.1,1964.1,1964.1,1964.1,0.268238,2020,8,28
2020-08-28 15:15:00+00:00,1964.34,1979.43,1964.31,1979.43,0.414932,2020,8,28
2020-08-28 15:20:00+00:00,1979.43,1979.43,1979.43,1979.43,0.0,2020,8,28
2020-08-28 15:25:00+00:00,1974.99,1974.99,1974.99,1974.99,0.013259,2020,8,28
2020-08-28 15:30:00+00:00,1965.13,1975.0,1965.01,1965.01,0.116453,2020,8,28
2020-08-28 15:35:00+00:00,1965.03,1975.0,1965.03,1975.0,1.451285,2020,8,28
2020-08-28 15:40:00+00:00,1975.0,1979.99,1967.1,1967.48,0.496772,2020,8,28
2020-08-28 15:45:00+00:00,1980.0,1980.0,1967.11,1967.11,0.146842,2020,8,28
2020-08-28 15:50:00+00:00,1968.08,1970.08,1968.08,1970.08,0.216739,2020,8,28
2020-08-28 15:55:00+00:00,1980.0,1991.0,1980.0,1980.0,2.741402,2020,8,28
2020-08-28 16:00:00+00:00,1980.0,1980.0,1980.0,1980.0,0.072302,2020,8,28
2020-08-28 16:05:00+00:00,1980.01,1990.0,1980.0,1980.0,1.885552,2020,8,28
2020-08-28 16:10:00+00:00,1980.0,1980.0,1980.0,1980.0,0.0,2020,8,28
2020-08-28 16:15:00+00:00,1989.99,1989.99,1989.98,1989.98,0.462718,2020,8,28
2020-08-28 16:20:00+00:00,1980.0,1989.94,1980.0,1989.94,0.173044,2020,8,28
2020-08-28 16:25:00+00:00,1980.03,1989.9,1980.0,1989.79,0.370475,2020,8,28
2020-08-28 16:30:00+00:00,1980.0,1980.0,1980.0,1980.0,0.027445,2020,8,28
2020-08-28 16:35:00+00:00,1988.99,1988.99,1988.99,1988.99,0.183457,2020,8,28
2020-08-28 16:40:00+00:00,1988.0,1988.0,1974.06,1974.06,0.19996,2020,8,28
2020-08-28 16:45:00+00:00,1987.99,1989.91,1983.53,1983.53,0.274019,2020,8,28
2020-08-28 16:50:00+00:00,1983.53,1983.53,1979.35,1979.35,0.11402,2020,8,28
2020-08-28 16:55:00+00:00,1979.35,1983.0,1979.35,1983.0,0.326626,2020,8,28
2020-08-28 17:00:00+00:00,1983.0,1983.0,1983.0,1983.0,0.031216,2020,8,28
2020-08-28 17:05:00+00:00,1983.0,1983.0,1974.06,1974.07,0.881998,2020,8,28
2020-08-28 17:10:00+00:00,1983.0,1983.0,1983.0,1983.0,0.047678,2020,8,28
2020-08-28 17:15:00+00:00,1983.0,1983.0,1970.0,1970.0,1.016231,2020,8,28
2020-08-28 17:20:00+00:00,1971.0,1971.0,1971.0,1971.0,0.148126,2020,8,28
2020-08-28 17:25:00+00:00,1971.0,1971.0,1971.0,1971.0,0.0,2020,8,28
2020-08-28 17:30:00+00:00,1971.05,1971.05,1971.05,1971.05,0.267325,2020,8,28
2020-08-28 17:35:00+00:00,1971.03,1971.03,1971.03,1971.03,0.012868,2020,8,28
2020-08-28 17:40:00+00:00,1971.03,1971.03,1971.03,1971.03,0.0,2020,8,28
2020-08-28 17:45:00+00:00,1984.96,1984.96,1971.02,1971.02,0.577252,2020,8,28
2020-08-28 17:50:00+00:00,1971.02,1971.02,1971.02,1971.02,0.0,2020,8,28
2020-08-28 17:55:00+00:00,1971.02,1971.02,1971.02,1971.02,0.0,2020,8,28
2020-08-28 18:00:00+00:00,1981.74,1981.74,1975.0,1975.0,0.155517,2020,8,28
2020-08-28 18:05:00+00:00,1975.0,1975.0,1975.0,1975.0,0.0,2020,8,28
2020-08-28 18:10:00+00:00,1975.0,1975.0,1975.0,1975.0,0.220592,2020,8,28
2020-08-28 18:15:00+00:00,1971.03,1971.03,1971.03,1971.03,0.1,2020,8,28
2020-08-28 18:20:00+00:00,1971.03,1971.03,1971.03,1971.03,0.0,2020,8,28
2020-08-28 18:25:00+00:00,1982.93,1982.93,1980.0,1980.0,0.229508,2020,8,28
2020-08-28 18:30:00+00:00,1976.57,1976.57,1976.57,1976.57,0.11121,2020,8,28
2020-08-28 18:35:00+00:00,1980.74,1980.74,1980.74,1980.74,0.742225,2020,8,28
2020-08-28 18:40:00+00:00,1980.74,1980.74,1980.74,1980.74,0.0,2020,8,28
2020-08-28 18:45:00+00:00,1980.0,1980.0,1980.0,1980.0,0.659815,2020,8,28
2020-08-28 18:50:00+00:00,1980.0,1980.0,1979.99,1979.99,0.27717,2020,8,28
2020-08-28 18:55:00+00:00,1980.0,1980.01,1980.0,1980.01,0.548721,2020,8,28
2020-08-28 19:00:00+00:00,1984.35,1984.35,1984.35,1984.35,0.075071,2020,8,28
2020-08-28 19:05:00+00:00,1984.35,1984.35,1976.57,1976.6,0.179866,2020,8,28
2020-08-28 19:10:00+00:00,1976.6,1980.0,1976.6,1980.0,0.246766,2020,8,28
2020-08-28 19:15:00+00:00,1980.0,1985.78,1980.0,1983.59,0.697317,2020,8,28
2020-08-28 19:20:00+00:00,1980.0,1980.0,1972.01,1972.01,0.207306,2020,8,28
2020-08-28 19:25:00+00:00,1972.09,1983.59,1972.09,1983.59,0.405207,2020,8,28
2020-08-28 19:30:00+00:00,1979.0,1979.0,1972.02,1972.02,1.136704,2020,8,28
2020-08-28 19:35:00+00:00,1981.99,1981.99,1972.01,1972.01,1.088587,2020,8,28
2020-08-28 19:40:00+00:00,1981.99,1982.0,1981.99,1982.0,0.88685,2020,8,28
2020-08-28 19:45:00+00:00,1981.99,1982.0,1975.24,1977.0,0.776449,2020,8,28
2020-08-28 19:50:00+00:00,1977.0,1981.99,1977.0,1981.99,0.01704,2020,8,28
2020-08-28 19:55:00+00:00,1978.8,1978.8,1978.8,1978.8,0.039298,2020,8,28
2020-08-28 20:00:00+00:00,1978.8,1978.8,1978.8,1978.8,0.0,2020,8,28
2020-08-28 20:05:00+00:00,1975.24,1981.98,1975.24,1978.8,0.061614,2020,8,28
2020-08-28 20:10:00+00:00,1978.8,1978.8,1978.8,1978.8,0.0,2020,8,28
2020-08-28 20:15:00+00:00,1975.24,1975.24,1970.98,1975.24,0.279784,2020,8,28
2020-08-28 20:20:00+00:00,1975.24,1981.98,1970.98,1970.98,0.229874,2020,8,28
2020-08-28 20:25:00+00:00,1970.98,1981.98,1958.0,1981.98,2.534406,2020,8,28
2020-08-28 20:30:00+00:00,1971.07,1971.07,1971.07,1971.07,0.043324,2020,8,28
2020-08-28 20:35:00+00:00,1971.07,1971.07,1970.0,1970.0,0.124705,2020,8,28
2020-08-28 20:40:00+00:00,1978.69,1978.69,1978.69,1978.69,0.006,2020,8,28
2020-08-28 20:45:00+00:00,1970.0,1970.0,1968.41,1968.41,0.014838,2020,8,28
2020-08-28 20:50:00+00:00,1971.07,1971.07,1968.41,1968.41,0.711689,2020,8,28
2020-08-28 20:55:00+00:00,1968.41,1968.41,1968.41,1968.41,0.0,2020,8,28
2020-08-28 21:00:00+00:00,1968.41,1968.41,1968.41,1968.41,0.006,2020,8,28
2020-08-28 21:05:00+00:00,1968.41,1968.41,1968.41,1968.41,0.0,2020,8,28
2020-08-28 21:10:00+00:00,1968.41,1968.41,1968.41,1968.41,0.0,2020,8,28
2020-08-28 21:15:00+00:00,1968.45,1968.45,1966.89,1966.89,0.555393,2020,8,28
2020-08-28 21:20:00+00:00,1966.89,1966.89,1966.89,1966.89,0.0,2020,8,28
2020-08-28 21:25:00+00:00,1966.89,1966.89,1966.89,1966.89,0.0,2020,8,28
2020-08-28 21:30:00+00:00,1966.89,1966.89,1966.89,1966.89,0.0296,2020,8,28
2020-08-28 21:35:00+00:00,1966.9,1966.9,1966.9,1966.9,0.0327,2020,8,28
2020-08-28 21:40:00+00:00,1966.9,1966.9,1966.9,1966.9,0.0,2020,8,28
2020-08-28 21:45:00+00:00,1973.0,1978.66,1973.0,1978.66,0.237995,2020,8,28
2020-08-28 21:50:00+00:00,1978.65,1978.65,1978.65,1978.65,0.067198,2020,8,28
2020-08-28 21:55:00+00:00,1978.65,1978.65,1978.65,1978.65,0.026983,2020,8,28
2020-08-28 22:00:00+00:00,1978.65,1978.65,1978.65,1978.65,0.0,2020,8,28
2020-08-28 22:05:00+00:00,1978.65,1978.65,1978.65,1978.65,0.0,2020,8,28
2020-08-28 22:10:00+00:00,1978.65,1978.65,1978.65,1978.65,0.0,2020,8,28
2020-08-28 22:15:00+00:00,1978.65,1978.65,1978.65,1978.65,0.0,2020,8,28
2020-08-28 22:20:00+00:00,1978.65,1978.65,1978.65,1978.65,0.0,2020,8,28
2020-08-28 22:25:00+00:00,1978.65,1978.65,1978.65,1978.65,0.011541,2020,8,28
2020-08-28 22:30:00+00:00,1978.65,1978.65,1978.65,1978.65,0.0,2020,8,28
2020-08-28 22:35:00+00:00,1978.65,1978.65,1978.65,1978.65,0.0,2020,8,28
2020-08-28 22:40:00+00:00,1978.65,1978.65,1970.0,1970.0,0.295435,2020,8,28
2020-08-28 22:45:00+00:00,1978.51,1978.51,1978.51,1978.51,0.120245,2020,8,28
2020-08-28 22:50:00+00:00,1978.5,1978.5,1977.98,1977.98,0.052892,2020,8,28
2020-08-28 22:55:00+00:00,1977.96,1977.97,1977.96,1977.97,0.153833,2020,8,28
2020-08-28 23:00:00+00:00,1977.97,1977.97,1977.97,1977.97,0.027128,2020,8,28
2020-08-28 23:05:00+00:00,1977.97,1977.97,1977.97,1977.97,0.010417,2020,8,28
2020-08-28 23:10:00+00:00,1970.02,1970.02,1968.0,1968.0,0.226961,2020,8,28
2020-08-28 23:15:00+00:00,1968.0,1968.0,1968.0,1968.0,0.0,2020,8,28
2020-08-28 23:20:00+00:00,1968.01,1968.01,1968.01,1968.01,0.009662,2020,8,28
2020-08-28 23:25:00+00:00,1977.94,1977.97,1977.94,1977.97,0.2,2020,8,28
2020-08-28 23:30:00+00:00,1970.0,1970.0,1970.0,1970.0,0.285,2020,8,28
2020-08-28 23:35:00+00:00,1970.0,1970.0,1966.9,1966.9,0.10352,2020,8,28
2020-08-28 23:40:00+00:00,1966.9,1966.9,1966.9,1966.9,0.0,2020,8,28
2020-08-28 23:45:00+00:00,1966.9,1966.9,1966.9,1966.9,0.0,2020,8,28
2020-08-28 23:50:00+00:00,1977.96,1978.0,1977.96,1977.99,2.69461,2020,8,28
2020-08-28 23:55:00+00:00,1977.99,1977.99,1977.99,1977.99,0.0,2020,8,28
2020-08-29 00:00:00+00:00,1977.99,1977.99,1977.99,1977.99,0.0,2020,8,29
2020-08-29 00:05:00+00:00,1966.91,1966.91,1966.9,1966.9,0.084525,2020,8,29
2020-08-29 00:10:00+00:00,1966.9,1966.9,1966.9,1966.9,0.0,2020,8,29
2020-08-29 00:15:00+00:00,1970.0,1989.91,1970.0,1980.16,8.455402,2020,8,29
2020-08-29 00:20:00+00:00,1980.16,1989.91,1975.16,1975.16,3.848827,2020,8,29
2020-08-29 00:25:00+00:00,1975.16,1975.16,1975.16,1975.16,0.0,2020,8,29
2020-08-29 00:30:00+00:00,1975.16,1975.16,1975.16,1975.16,0.0,2020,8,29
2020-08-29 00:35:00+00:00,1975.16,1975.16,1975.16,1975.16,0.0,2020,8,29
2020-08-29 00:40:00+00:00,1975.17,1986.23,1970.98,1970.98,3.271503,2020,8,29
2020-08-29 00:45:00+00:00,1984.34,1984.34,1975.0,1975.0,0.233169,2020,8,29
2020-08-29 00:50:00+00:00,1975.0,1975.0,1975.0,1975.0,0.0,2020,8,29
2020-08-29 00:55:00+00:00,1975.0,1975.0,1975.0,1975.0,0.0,2020,8,29
2020-08-29 01:00:00+00:00,1980.16,1984.53,1975.97,1984.53,0.194546,2020,8,29
2020-08-29 01:05:00+00:00,1975.97,1975.97,1966.91,1966.91,1.04895,2020,8,29
2020-08-29 01:10:00+00:00,1966.91,1966.91,1966.91,1966.91,0.0,2020,8,29
2020-08-29 01:15:00+00:00,1977.0,1977.0,1977.0,1977.0,0.007365,2020,8,29
2020-08-29 01:20:00+00:00,1971.79,1983.18,1966.91,1983.18,0.235899,2020,8,29
2020-08-29 01:25:00+00:00,1983.18,1983.18,1983.18,1983.18,0.0,2020,8,29
2020-08-29 01:30:00+00:00,1983.18,1983.18,1983.18,1983.18,0.0,2020,8,29
2020-08-29 01:35:00+00:00,1983.18,1983.18,1983.18,1983.18,0.0,2020,8,29
2020-08-29 01:40:00+00:00,1983.18,1983.18,1983.18,1983.18,0.0,2020,8,29
2020-08-29 01:45:00+00:00,1982.9,1982.9,1982.9,1982.9,0.020145,2020,8,29
2020-08-29 01:50:00+00:00,1982.9,1982.9,1982.9,1982.9,0.0,2020,8,29
2020-08-29 01:55:00+00:00,1982.99,1982.99,1969.61,1969.61,0.245238,2020,8,29
2020-08-29 02:00:00+00:00,1969.61,1969.61,1969.61,1969.61,0.090812,2020,8,29
2020-08-29 02:05:00+00:00,1969.61,1969.61,1969.61,1969.61,0.023083,2020,8,29
2020-08-29 02:10:00+00:00,1969.61,1969.61,1969.61,1969.61,0.0,2020,8,29
2020-08-29 02:15:00+00:00,1969.61,1969.61,1969.61,1969.61,0.051937,2020,8,29
2020-08-29 02:20:00+00:00,1969.61,1969.61,1969.61,1969.61,0.0,2020,8,29
2020-08-29 02:25:00+00:00,1969.61,1969.61,1969.61,1969.61,0.018005,2020,8,29
2020-08-29 02:30:00+00:00,1969.61,1969.61,1969.61,1969.61,0.0,2020,8,29
2020-08-29 02:35:00+00:00,1969.61,1969.61,1966.91,1966.91,2.405053,2020,8,29
2020-08-29 02:40:00+00:00,1966.91,1966.91,1966.91,1966.91,0.0,2020,8,29
2020-08-29 02:45:00+00:00,1969.61,1969.61,1969.61,1969.61,0.260803,2020,8,29
2020-08-29 02:50:00+00:00,1966.91,1969.61,1966.91,1966.91,0.145017,2020,8,29
2020-08-29 02:55:00+00:00,1969.61,1981.81,1969.61,1981.81,0.655258,2020,8,29
2020-08-29 03:00:00+00:00,1969.67,1981.81,1969.67,1981.81,0.541142,2020,8,29
2020-08-29 03:05:00+00:00,1981.81,1981.81,1981.81,1981.81,0.0,2020,8,29
2020-08-29 03:10:00+00:00,1981.81,1981.82,1981.81,1981.81,0.401602,2020,8,29
2020-08-29 03:15:00+00:00,1969.68,1969.68,1966.9,1966.91,0.427382,2020,8,29
2020-08-29 03:20:00+00:00,1966.91,1966.91,1966.91,1966.91,0.0,2020,8,29
2020-08-29 03:25:00+00:00,1966.91,1966.91,1966.91,1966.91,0.0,2020,8,29
2020-08-29 03:30:00+00:00,1981.48,1983.18,1971.0,1971.0,2.488877,2020,8,29
2020-08-29 03:35:00+00:00,1970.99,1971.0,1970.99,1971.0,0.77469,2020,8,29
2020-08-29 03:40:00+00:00,1971.0,1971.0,1971.0,1971.0,0.019924,2020,8,29
2020-08-29 03:45:00+00:00,1971.0,1971.0,1971.0,1971.0,0.0,2020,8,29
2020-08-29 03:50:00+00:00,1982.29,1982.29,1982.29,1982.29,0.010084,2020,8,29
2020-08-29 03:55:00+00:00,1971.0,1971.0,1971.0,1971.0,0.522597,2020,8,29
2020-08-29 04:00:00+00:00,1971.0,1971.0,1971.0,1971.0,0.264509,2020,8,29
2020-08-29 04:05:00+00:00,1971.0,1971.0,1971.0,1971.0,0.04409,2020,8,29
2020-08-29 04:10:00+00:00,1971.0,1971.0,1971.0,1971.0,0.620497,2020,8,29
2020-08-29 04:15:00+00:00,1971.0,1971.0,1940.01,1971.0,10.739144,2020,8,29
2020-08-29 04:20:00+00:00,1968.04,1968.04,1968.04,1968.04,0.16,2020,8,29
2020-08-29 04:25:00+00:00,1968.04,1968.04,1968.04,1968.04,0.0,2020,8,29
2020-08-29 04:30:00+00:00,1968.04,1968.04,1968.04,1968.04,0.0,2020,8,29
2020-08-29 04:35:00+00:00,1964.32,1964.32,1964.31,1964.32,12.562721,2020,8,29
2020-08-29 04:40:00+00:00,1964.32,1964.32,1964.32,1964.32,0.0,2020,8,29
2020-08-29 04:45:00+00:00,1964.32,1964.32,1940.03,1963.67,8.867553,2020,8,29
2020-08-29 04:50:00+00:00,1961.13,1961.14,1961.13,1961.14,0.498235,2020,8,29
2020-08-29 04:55:00+00:00,1961.14,1965.24,1961.14,1965.24,1.74065,2020,8,29
2020-08-29 05:00:00+00:00,1968.64,1971.0,1968.64,1971.0,0.120181,2020,8,29
2020-08-29 05:05:00+00:00,1971.0,1971.0,1962.01,1962.01,0.053068,2020,8,29
2020-08-29 05:10:00+00:00,1962.01,1962.01,1962.01,1962.01,0.0,2020,8,29
2020-08-29 05:15:00+00:00,1971.0,1971.0,1969.0,1969.0,0.189791,2020,8,29
2020-08-29 05:20:00+00:00,1962.0,1968.48,1962.0,1968.48,0.323762,2020,8,29
2020-08-29 05:25:00+00:00,1968.48,1968.48,1968.48,1968.48,0.205269,2020,8,29
2020-08-29 05:30:00+00:00,1962.01,1969.0,1962.01,1969.0,0.119371,2020,8,29
2020-08-29 05:35:00+00:00,1969.0,1969.0,1969.0,1969.0,0.923427,2020,8,29
2020-08-29 05:40:00+00:00,1965.0,1969.0,1965.0,1969.0,2.14077,2020,8,29
2020-08-29 05:45:00+00:00,1969.0,1969.0,1969.0,1969.0,0.201374,2020,8,29
2020-08-29 05:50:00+00:00,1969.0,1972.83,1969.0,1972.83,0.864727,2020,8,29
2020-08-29 05:55:00+00:00,1972.83,1972.83,1972.83,1972.83,0.235813,2020,8,29
2020-08-29 06:00:00+00:00,1972.83,1972.83,1972.83,1972.83,0.0,2020,8,29
2020-08-29 06:05:00+00:00,1972.82,1972.82,1972.82,1972.82,0.03132,2020,8,29
2020-08-29 06:10:00+00:00,1962.46,1962.46,1962.46,1962.46,0.167891,2020,8,29
2020-08-29 06:15:00+00:00,1962.89,1972.79,1962.48,1968.04,1.03824,2020,8,29
2020-08-29 06:20:00+00:00,1968.04,1972.79,1968.04,1968.04,0.239342,2020,8,29
2020-08-29 06:25:00+00:00,1972.79,1972.79,1972.79,1972.79,0.028383,2020,8,29
2020-08-29 06:30:00+00:00,1972.79,1972.79,1972.79,1972.79,0.0,2020,8,29
2020-08-29 06:35:00+00:00,1971.0,1971.0,1971.0,1971.0,0.116726,2020,8,29
2020-08-29 06:40:00+00:00,1971.0,1971.0,1971.0,1971.0,0.038091,2020,8,29
2020-08-29 06:45:00+00:00,1971.0,1971.0,1963.08,1963.08,0.155668,2020,8,29
2020-08-29 06:50:00+00:00,1963.08,1963.08,1963.08,1963.08,0.021684,2020,8,29
2020-08-29 06:55:00+00:00,1963.08,1972.79,1963.08,1963.09,0.269007,2020,8,29
2020-08-29 07:00:00+00:00,1963.09,1963.09,1963.09,1963.09,0.0,2020,8,29
2020-08-29 07:05:00+00:00,1972.79,1972.79,1972.79,1972.79,0.005366,2020,8,29
2020-08-29 07:10:00+00:00,1972.79,1972.83,1972.79,1972.83,0.995943,2020,8,29
2020-08-29 07:15:00+00:00,1972.83,1972.83,1972.83,1972.83,0.005862,2020,8,29
2020-08-29 07:20:00+00:00,1972.83,1975.15,1962.41,1962.41,1.822399,2020,8,29
2020-08-29 07:25:00+00:00,1968.06,1973.71,1962.41,1973.71,1.001695,2020,8,29
2020-08-29 07:30:00+00:00,1973.71,1973.71,1973.71,1973.71,0.0,2020,8,29
2020-08-29 07:35:00+00:00,1963.92,1973.71,1963.92,1973.71,0.229338,2020,8,29
2020-08-29 07:40:00+00:00,1973.68,1973.71,1973.68,1973.71,1.43633,2020,8,29
2020-08-29 07:45:00+00:00,1973.71,1973.71,1973.71,1973.71,0.0,2020,8,29
2020-08-29 07:50:00+00:00,1973.71,1973.71,1973.71,1973.71,0.0,2020,8,29
2020-08-29 07:55:00+00:00,1973.59,1973.59,1973.59,1973.59,0.203822,2020,8,29
2020-08-29 08:00:00+00:00,1973.59,1973.59,1973.59,1973.59,0.0,2020,8,29
2020-08-29 08:05:00+00:00,1973.59,1973.59,1973.59,1973.59,0.0,2020,8,29
2020-08-29 08:10:00+00:00,1973.59,1973.59,1973.59,1973.59,0.0,2020,8,29
2020-08-29 08:15:00+00:00,1968.2,1973.59,1967.9,1973.59,0.314379,2020,8,29
2020-08-29 08:20:00+00:00,1973.59,1973.59,1973.59,1973.59,0.0,2020,8,29
2020-08-29 08:25:00+00:00,1967.91,1973.02,1964.0,1973.02,1.436457,2020,8,29
2020-08-29 08:30:00+00:00,1972.05,1972.05,1972.05,1972.05,0.001718,2020,8,29
2020-08-29 08:35:00+00:00,1971.12,1971.12,1971.12,1971.12,0.001452,2020,8,29
2020-08-29 08:40:00+00:00,1971.07,1971.07,1971.07,1971.07,0.011439,2020,8,29
2020-08-29 08:45:00+00:00,1971.07,1973.5,1964.07,1973.5,0.039867,2020,8,29
2020-08-29 08:50:00+00:00,1973.5,1973.5,1973.5,1973.5,0.029737,2020,8,29
2020-08-29 08:55:00+00:00,1964.08,1964.08,1964.08,1964.08,0.538985,2020,8,29
2020-08-29 09:00:00+00:00,1964.08,1964.08,1964.08,1964.08,0.0,2020,8,29
2020-08-29 09:05:00+00:00,1964.08,1964.08,1964.08,1964.08,0.0,2020,8,29
2020-08-29 09:10:00+00:00,1964.08,1964.08,1964.08,1964.08,0.0,2020,8,29
2020-08-29 09:15:00+00:00,1964.27,1964.27,1964.27,1964.27,0.006577,2020,8,29
2020-08-29 09:20:00+00:00,1964.27,1964.27,1964.27,1964.27,0.0,2020,8,29
2020-08-29 09:25:00+00:00,1973.49,1973.49,1973.49,1973.49,0.60806,2020,8,29
2020-08-29 09:30:00+00:00,1971.31,1974.99,1971.31,1974.24,3.190399,2020,8,29
2020-08-29 09:35:00+00:00,1972.81,1973.47,1971.31,1973.47,0.471782,2020,8,29
2020-08-29 09:40:00+00:00,1973.47,1977.6,1973.47,1977.6,0.287691,2020,8,29
2020-08-29 09:45:00+00:00,1977.5,1977.5,1977.5,1977.5,0.02773,2020,8,29
2020-08-29 09:50:00+00:00,1972.83,1972.83,1971.31,1972.83,0.788926,2020,8,29
2020-08-29 09:55:00+00:00,1972.83,1972.83,1972.83,1972.83,0.081545,2020,8,29
2020-08-29 10:00:00+00:00,1972.83,1972.83,1972.83,1972.83,0.0,2020,8,29
2020-08-29 10:05:00+00:00,1971.31,1971.31,1971.31,1971.31,0.059225,2020,8,29
2020-08-29 10:10:00+00:00,1971.31,1971.31,1971.31,1971.31,0.0,2020,8,29
2020-08-29 10:15:00+00:00,1976.98,1976.98,1976.98,1976.98,0.005499,2020,8,29
2020-08-29 10:20:00+00:00,1976.98,1976.98,1976.98,1976.98,0.0,2020,8,29
2020-08-29 10:25:00+00:00,1976.85,1976.85,1976.85,1976.85,0.001416,2020,8,29
2020-08-29 10:30:00+00:00,1976.81,1976.81,1976.81,1976.81,0.001887,2020,8,29
2020-08-29 10:35:00+00:00,1976.81,1976.81,1976.81,1976.81,0.0,2020,8,29
2020-08-29 10:40:00+00:00,1971.31,1971.31,1971.31,1971.31,0.006002,2020,8,29
2020-08-29 10:45:00+00:00,1971.31,1976.36,1971.31,1976.33,0.377217,2020,8,29
2020-08-29 10:50:00+00:00,1976.25,1976.25,1976.25,1976.25,0.052609,2020,8,29
2020-08-29 10:55:00+00:00,1976.25,1976.25,1976.25,1976.25,0.0,2020,8,29
2020-08-29 11:00:00+00:00,1976.24,1976.24,1976.24,1976.24,0.0506,2020,8,29
2020-08-29 11:05:00+00:00,1971.31,1971.31,1971.31,1971.31,0.012702,2020,8,29
2020-08-29 11:10:00+00:00,1971.31,1971.31,1971.31,1971.31,0.0,2020,8,29
2020-08-29 11:15:00+00:00,1971.31,1971.31,1967.16,1967.16,0.143193,2020,8,29
2020-08-29 11:20:00+00:00,1974.99,1975.51,1967.25,1967.25,0.396898,2020,8,29
2020-08-29 11:25:00+00:00,1967.25,1967.25,1967.16,1967.16,0.8789,2020,8,29
2020-08-29 11:30:00+00:00,1975.78,1975.78,1975.78,1975.78,0.001632,2020,8,29
2020-08-29 11:35:00+00:00,1967.17,1967.17,1967.17,1967.17,1.972018,2020,8,29
2020-08-29 11:40:00+00:00,1967.17,1967.17,1967.17,1967.17,0.0,2020,8,29
2020-08-29 11:45:00+00:00,1967.17,1970.0,1967.16,1970.0,0.139981,2020,8,29
2020-08-29 11:50:00+00:00,1970.0,1975.77,1970.0,1975.77,0.616887,2020,8,29
2020-08-29 11:55:00+00:00,1970.0,1970.0,1970.0,1970.0,0.006002,2020,8,29
2020-08-29 12:00:00+00:00,1975.65,1975.65,1975.6,1975.6,0.142184,2020,8,29
2020-08-29 12:05:00+00:00,1975.6,1975.6,1975.6,1975.6,0.0,2020,8,29
2020-08-29 12:10:00+00:00,1971.2,1971.2,1971.2,1971.2,0.306466,2020,8,29
2020-08-29 12:15:00+00:00,1973.0,1973.0,1973.0,1973.0,0.0096,2020,8,29
2020-08-29 12:20:00+00:00,1973.0,1973.0,1973.0,1973.0,0.006002,2020,8,29
2020-08-29 12:25:00+00:00,1973.0,1975.33,1973.0,1973.0,3.359132,2020,8,29
2020-08-29 12:30:00+00:00,1974.69,1975.43,1973.0,1975.0,0.466837,2020,8,29
2020-08-29 12:35:00+00:00,1975.48,1975.48,1975.0,1975.0,0.8148,2020,8,29
2020-08-29 12:40:00+00:00,1975.0,1975.0,1975.0,1975.0,0.0,2020,8,29
2020-08-29 12:45:00+00:00,1975.0,1975.0,1975.0,1975.0,0.08272,2020,8,29
2020-08-29 12:50:00+00:00,1975.0,1975.0,1975.0,1975.0,0.0,2020,8,29
2020-08-29 12:55:00+00:00,1975.0,1975.0,1975.0,1975.0,0.052572,2020,8,29
2020-08-29 13:00:00+00:00,1974.63,1974.63,1974.63,1974.63,0.009816,2020,8,29
2020-08-29 13:05:00+00:00,1967.17,1974.0,1967.17,1974.0,0.227873,2020,8,29
2020-08-29 13:10:00+00:00,1968.75,1973.63,1967.16,1973.63,0.237248,2020,8,29
2020-08-29 13:15:00+00:00,1973.63,1973.63,1970.0,1970.0,0.143341,2020,8,29
2020-08-29 13:20:00+00:00,1970.0,1973.63,1970.0,1970.0,0.767421,2020,8,29
2020-08-29 13:25:00+00:00,1973.5,1973.5,1973.5,1973.5,0.0438,2020,8,29
2020-08-29 13:30:00+00:00,1973.5,1973.5,1973.5,1973.5,0.0,2020,8,29
2020-08-29 13:35:00+00:00,1973.5,1973.5,1973.5,1973.5,0.0,2020,8,29
2020-08-29 13:40:00+00:00,1973.45,1973.47,1970.0,1970.0,0.134672,2020,8,29
2020-08-29 13:45:00+00:00,1970.0,1973.63,1970.0,1973.63,0.633978,2020,8,29
2020-08-29 13:50:00+00:00,1975.0,1975.0,1975.0,1975.0,0.0088,2020,8,29
2020-08-29 13:55:00+00:00,1975.78,1975.78,1970.0,1970.0,0.029141,2020,8,29
2020-08-29 14:00:00+00:00,1975.96,1975.97,1975.96,1975.97,0.128236,2020,8,29
2020-08-29 14:05:00+00:00,1975.96,1975.96,1970.0,1970.0,0.258821,2020,8,29
2020-08-29 14:10:00+00:00,1970.0,1975.96,1970.0,1975.96,0.311984,2020,8,29
2020-08-29 14:15:00+00:00,1975.96,1975.96,1975.95,1975.95,0.140121,2020,8,29
2020-08-29 14:20:00+00:00,1968.75,1968.75,1968.75,1968.75,0.152047,2020,8,29
2020-08-29 14:25:00+00:00,1968.75,1968.75,1968.75,1968.75,0.0,2020,8,29
2020-08-29 14:30:00+00:00,1975.0,1975.94,1968.75,1968.75,0.304134,2020,8,29
2020-08-29 14:35:00+00:00,1968.75,1975.97,1967.16,1967.16,1.169834,2020,8,29
2020-08-29 14:40:00+00:00,1967.17,1967.17,1967.16,1967.16,1.0,2020,8,29
2020-08-29 14:45:00+00:00,1975.0,1975.0,1975.0,1975.0,1.232829,2020,8,29
2020-08-29 14:50:00+00:00,1975.97,1976.02,1967.16,1967.16,1.085478,2020,8,29
2020-08-29 14:55:00+00:00,1967.16,1967.16,1967.16,1967.16,0.0,2020,8,29
2020-08-29 15:00:00+00:00,1975.0,1975.0,1975.0,1975.0,0.00582,2020,8,29
2020-08-29 15:05:00+00:00,1970.0,1970.0,1970.0,1970.0,0.151124,2020,8,29
2020-08-29 15:10:00+00:00,1970.0,1975.0,1970.0,1975.0,0.50356,2020,8,29
2020-08-29 15:15:00+00:00,1975.35,1975.39,1969.19,1969.19,1.070508,2020,8,29
2020-08-29 15:20:00+00:00,1969.19,1975.0,1968.75,1968.75,2.99884,2020,8,29
2020-08-29 15:25:00+00:00,1968.75,1968.75,1968.75,1968.75,0.010158,2020,8,29
2020-08-29 15:30:00+00:00,1969.19,1969.19,1969.19,1969.19,0.019287,2020,8,29
2020-08-29 15:35:00+00:00,1969.19,1969.19,1968.75,1969.19,0.854765,2020,8,29
2020-08-29 15:40:00+00:00,1969.19,1970.0,1969.19,1970.0,0.016611,2020,8,29
2020-08-29 15:45:00+00:00,1975.0,1975.0,1975.0,1975.0,1.11668,2020,8,29
2020-08-29 15:50:00+00:00,1968.75,1968.75,1962.02,1968.75,1.965365,2020,8,29
2020-08-29 15:55:00+00:00,1973.74,1973.75,1973.74,1973.75,0.160923,2020,8,29
2020-08-29 16:00:00+00:00,1967.17,1967.17,1967.16,1967.16,0.058411,2020,8,29
2020-08-29 16:05:00+00:00,1967.16,1967.16,1967.16,1967.16,0.0,2020,8,29
2020-08-29 16:10:00+00:00,1967.16,1967.16,1967.16,1967.16,0.0,2020,8,29
2020-08-29 16:15:00+00:00,1970.0,1970.0,1967.16,1970.0,0.193789,2020,8,29
2020-08-29 16:20:00+00:00,1967.16,1973.75,1967.16,1973.75,0.510419,2020,8,29
2020-08-29 16:25:00+00:00,1973.75,1974.64,1973.75,1974.64,0.35191,2020,8,29
2020-08-29 16:30:00+00:00,1975.0,1975.0,1974.72,1974.72,0.063763,2020,8,29
2020-08-29 16:35:00+00:00,1974.72,1974.72,1974.72,1974.72,0.121113,2020,8,29
2020-08-29 16:40:00+00:00,1974.7,1974.7,1974.7,1974.7,0.263374,2020,8,29
2020-08-29 16:45:00+00:00,1974.7,1974.7,1974.7,1974.7,0.00598,2020,8,29
2020-08-29 16:50:00+00:00,1971.65,1971.65,1968.75,1968.75,0.116638,2020,8,29
2020-08-29 16:55:00+00:00,1971.65,1975.17,1971.65,1975.0,1.94028,2020,8,29
2020-08-29 17:00:00+00:00,1975.0,1975.17,1968.76,1968.76,1.044824,2020,8,29
2020-08-29 17:05:00+00:00,1968.76,1968.76,1968.76,1968.76,0.0,2020,8,29
2020-08-29 17:10:00+00:00,1975.15,1975.16,1975.15,1975.16,0.024547,2020,8,29
2020-08-29 17:15:00+00:00,1975.16,1975.17,1975.16,1975.17,0.174309,2020,8,29
2020-08-29 17:20:00+00:00,1975.17,1975.17,1975.17,1975.17,0.095764,2020,8,29
2020-08-29 17:25:00+00:00,1975.0,1975.17,1975.0,1975.17,0.232441,2020,8,29
2020-08-29 17:30:00+00:00,1975.17,1975.17,1975.17,1975.17,1.0,2020,8,29
2020-08-29 17:35:00+00:00,1975.17,1976.25,1974.07,1974.07,2.428805,2020,8,29
2020-08-29 17:40:00+00:00,1974.07,1974.07,1974.07,1974.07,0.0,2020,8,29
2020-08-29 17:45:00+00:00,1974.07,1974.07,1974.07,1974.07,0.0,2020,8,29
2020-08-29 17:50:00+00:00,1976.98,1976.98,1974.07,1974.07,0.217928,2020,8,29
2020-08-29 17:55:00+00:00,1974.07,1976.98,1974.07,1976.98,0.19883,2020,8,29
2020-08-29 18:00:00+00:00,1976.98,1976.99,1974.07,1976.99,0.364318,2020,8,29
2020-08-29 18:05:00+00:00,1974.07,1974.07,1974.07,1974.07,0.030265,2020,8,29
2020-08-29 18:10:00+00:00,1976.99,1979.89,1976.99,1977.2,0.179083,2020,8,29
2020-08-29 18:15:00+00:00,1974.07,1974.07,1974.07,1974.07,0.037794,2020,8,29
2020-08-29 18:20:00+00:00,1974.07,1979.82,1974.07,1974.07,0.124012,2020,8,29
2020-08-29 18:25:00+00:00,1974.07,1974.07,1974.07,1974.07,0.032395,2020,8,29
2020-08-29 18:30:00+00:00,1974.07,1974.07,1974.07,1974.07,1.100132,2020,8,29
2020-08-29 18:35:00+00:00,1974.07,1974.07,1969.91,1969.91,1.768838,2020,8,29
2020-08-29 18:40:00+00:00,1977.4,1977.4,1977.4,1977.4,0.036555,2020,8,29
2020-08-29 18:45:00+00:00,1977.4,1977.4,1977.4,1977.4,0.0,2020,8,29
2020-08-29 18:50:00+00:00,1977.4,1977.4,1977.4,1977.4,0.0,2020,8,29
2020-08-29 18:55:00+00:00,1977.4,1977.4,1977.4,1977.4,0.059764,2020,8,29
2020-08-29 19:00:00+00:00,1977.4,1977.4,1977.4,1977.4,0.00704,2020,8,29
2020-08-29 19:05:00+00:00,1977.4,1977.4,1969.04,1969.04,0.041428,2020,8,29
2020-08-29 19:10:00+00:00,1977.4,1977.4,1977.4,1977.4,0.011462,2020,8,29
2020-08-29 19:15:00+00:00,1969.37,1977.4,1969.37,1969.62,0.093829,2020,8,29
2020-08-29 19:20:00+00:00,1969.04,1977.4,1969.04,1977.4,0.408883,2020,8,29
2020-08-29 19:25:00+00:00,1977.4,1977.4,1977.4,1977.4,0.0108,2020,8,29
2020-08-29 19:30:00+00:00,1969.15,1969.15,1969.15,1969.15,0.051648,2020,8,29
2020-08-29 19:35:00+00:00,1976.0,1976.0,1969.05,1969.05,0.084161,2020,8,29
2020-08-29 19:40:00+00:00,1969.05,1969.05,1969.05,1969.05,0.0,2020,8,29
2020-08-29 19:45:00+00:00,1969.05,1969.05,1969.05,1969.05,0.0,2020,8,29
2020-08-29 19:50:00+00:00,1969.16,1969.16,1969.16,1969.16,0.020615,2020,8,29
2020-08-29 19:55:00+00:00,1969.16,1969.16,1969.16,1969.16,0.0,2020,8,29
2020-08-29 20:00:00+00:00,1969.16,1969.16,1969.16,1969.16,0.0,2020,8,29
2020-08-29 20:05:00+00:00,1969.16,1969.16,1969.16,1969.16,0.0,2020,8,29
2020-08-29 20:10:00+00:00,1976.0,1976.0,1970.0,1970.0,1.099094,2020,8,29
2020-08-29 20:15:00+00:00,1975.0,1975.0,1969.18,1969.18,0.029074,2020,8,29
2020-08-29 20:20:00+00:00,1969.18,1969.18,1969.18,1969.18,0.594262,2020,8,29
2020-08-29 20:25:00+00:00,1969.18,1969.18,1969.18,1969.18,0.031201,2020,8,29
2020-08-29 20:30:00+00:00,1969.18,1969.18,1969.16,1969.16,0.091108,2020,8,29
2020-08-29 20:35:00+00:00,1975.99,1975.99,1969.05,1969.05,0.334962,2020,8,29
2020-08-29 20:40:00+00:00,1969.05,1969.05,1969.05,1969.05,0.014686,2020,8,29
2020-08-29 20:45:00+00:00,1969.06,1969.06,1965.76,1965.76,9.669015,2020,8,29
2020-08-29 20:50:00+00:00,1965.76,1965.76,1965.76,1965.76,0.0,2020,8,29
2020-08-29 20:55:00+00:00,1970.0,1974.9,1970.0,1974.9,0.062075,2020,8,29
2020-08-29 21:00:00+00:00,1974.89,1974.89,1974.89,1974.89,0.010017,2020,8,29
2020-08-29 21:05:00+00:00,1974.89,1974.89,1974.89,1974.89,0.0,2020,8,29
2020-08-29 21:10:00+00:00,1970.0,1974.89,1970.0,1974.89,0.060592,2020,8,29
2020-08-29 21:15:00+00:00,1974.89,1974.89,1974.89,1974.89,0.0,2020,8,29
2020-08-29 21:20:00+00:00,1974.7,1974.7,1974.7,1974.7,0.022196,2020,8,29
2020-08-29 21:25:00+00:00,1974.7,1974.7,1974.7,1974.7,0.0,2020,8,29
2020-08-29 21:30:00+00:00,1974.7,1974.7,1974.7,1974.7,0.259504,2020,8,29
2020-08-29 21:35:00+00:00,1974.7,1974.7,1974.7,1974.7,0.0,2020,8,29
2020-08-29 21:40:00+00:00,1974.7,1974.7,1974.7,1974.7,0.0,2020,8,29
2020-08-29 21:45:00+00:00,1973.99,1973.99,1973.99,1973.99,0.141857,2020,8,29
2020-08-29 21:50:00+00:00,1973.99,1973.99,1973.99,1973.99,0.0,2020,8,29
2020-08-29 21:55:00+00:00,1972.0,1972.0,1964.0,1964.0,0.32967,2020,8,29
2020-08-29 22:00:00+00:00,1965.86,1965.86,1962.81,1962.81,0.52051,2020,8,29
2020-08-29 22:05:00+00:00,1973.35,1974.0,1973.35,1974.0,0.509885,2020,8,29
2020-08-29 22:10:00+00:00,1973.99,1973.99,1973.99,1973.99,0.050657,2020,8,29
2020-08-29 22:15:00+00:00,1973.99,1973.99,1962.8,1962.8,1.261408,2020,8,29
2020-08-29 22:20:00+00:00,1973.43,1973.43,1973.43,1973.43,0.005068,2020,8,29
2020-08-29 22:25:00+00:00,1970.0,1970.0,1962.83,1965.0,10.778665,2020,8,29
2020-08-29 22:30:00+00:00,1965.0,1965.0,1965.0,1965.0,0.0,2020,8,29
2020-08-29 22:35:00+00:00,1965.0,1965.0,1962.8,1962.8,0.132857,2020,8,29
2020-08-29 22:40:00+00:00,1962.8,1962.8,1962.8,1962.8,0.0,2020,8,29
2020-08-29 22:45:00+00:00,1962.8,1962.8,1962.8,1962.8,0.0,2020,8,29
2020-08-29 22:50:00+00:00,1962.8,1962.8,1962.8,1962.8,0.0,2020,8,29
2020-08-29 22:55:00+00:00,1962.77,1962.77,1962.53,1962.53,0.067835,2020,8,29
2020-08-29 23:00:00+00:00,1965.0,1965.0,1965.0,1965.0,0.021131,2020,8,29
2020-08-29 23:05:00+00:00,1966.0,1966.0,1966.0,1966.0,24.295531,2020,8,29
2020-08-29 23:10:00+00:00,1966.0,1966.0,1966.0,1966.0,0.976625,2020,8,29
2020-08-29 23:15:00+00:00,1966.0,1966.0,1966.0,1966.0,0.0,2020,8,29
2020-08-29 23:20:00+00:00,1966.0,1966.0,1966.0,1966.0,0.0,2020,8,29
2020-08-29 23:25:00+00:00,1966.0,1966.0,1966.0,1966.0,0.0184,2020,8,29
2020-08-29 23:30:00+00:00,1966.0,1966.0,1966.0,1966.0,0.0,2020,8,29
2020-08-29 23:35:00+00:00,1966.0,1979.0,1966.0,1976.82,12.417634,2020,8,29
2020-08-29 23:40:00+00:00,1976.32,1976.32,1972.66,1972.66,0.164565,2020,8,29
2020-08-29 23:45:00+00:00,1972.66,1972.66,1972.66,1972.66,1.029371,2020,8,29
2020-08-29 23:50:00+00:00,1972.66,1979.0,1966.01,1972.65,1.075823,2020,8,29
2020-08-29 23:55:00+00:00,1968.51,1968.51,1964.34,1964.34,2.39761,2020,8,29
2020-08-30 00:00:00+00:00,1972.16,1972.16,1972.16,1972.16,0.131763,2020,8,30
2020-08-30 00:05:00+00:00,1974.68,1974.69,1974.68,1974.69,0.13377,2020,8,30
2020-08-30 00:10:00+00:00,1975.0,1975.0,1974.68,1974.68,0.019,2020,8,30
2020-08-30 00:15:00+00:00,1975.0,1975.0,1975.0,1975.0,0.058656,2020,8,30
2020-08-30 00:20:00+00:00,1975.0,1977.2,1975.0,1977.19,0.872091,2020,8,30
2020-08-30 00:25:00+00:00,1977.19,1977.2,1977.19,1977.19,1.171721,2020,8,30
2020-08-30 00:30:00+00:00,1977.19,1977.19,1977.19,1977.19,0.0,2020,8,30
2020-08-30 00:35:00+00:00,1977.19,1977.19,1977.19,1977.19,0.131716,2020,8,30
2020-08-30 00:40:00+00:00,1977.19,1977.19,1977.19,1977.19,0.0,2020,8,30
2020-08-30 00:45:00+00:00,1977.19,1977.19,1977.19,1977.19,0.0,2020,8,30
2020-08-30 00:50:00+00:00,1977.19,1977.19,1977.19,1977.19,0.0,2020,8,30
2020-08-30 00:55:00+00:00,1977.2,1977.2,1977.2,1977.2,0.200146,2020,8,30
2020-08-30 01:00:00+00:00,1977.2,1977.21,1977.2,1977.21,5.579545,2020,8,30
2020-08-30 01:05:00+00:00,1977.21,1977.21,1977.21,1977.21,0.834703,2020,8,30
2020-08-30 01:10:00+00:00,1977.0,1977.0,1977.0,1977.0,2.605071,2020,8,30
2020-08-30 01:15:00+00:00,1977.0,1977.19,1977.0,1977.19,0.117258,2020,8,30
2020-08-30 01:20:00+00:00,1977.19,1977.21,1977.0,1977.21,0.800144,2020,8,30
2020-08-30 01:25:00+00:00,1977.0,1977.0,1977.0,1977.0,3.824664,2020,8,30
2020-08-30 01:30:00+00:00,1977.0,1979.32,1977.0,1977.0,1.869165,2020,8,30
2020-08-30 01:35:00+00:00,1977.0,1977.0,1977.0,1977.0,0.0,2020,8,30
2020-08-30 01:40:00+00:00,1979.98,1979.98,1973.0,1973.0,1.166326,2020,8,30
2020-08-30 01:45:00+00:00,1979.98,1979.98,1973.0,1973.0,2.012764,2020,8,30
2020-08-30 01:50:00+00:00,1979.99,1979.99,1979.99,1979.99,0.75681,2020,8,30
2020-08-30 01:55:00+00:00,1979.99,1979.99,1979.99,1979.99,0.0,2020,8,30
2020-08-30 02:00:00+00:00,1973.14,1973.14,1973.14,1973.14,0.1317,2020,8,30
2020-08-30 02:05:00+00:00,1973.14,1973.14,1973.14,1973.14,0.0,2020,8,30
2020-08-30 02:10:00+00:00,1973.14,1973.14,1973.0,1973.0,0.07628,2020,8,30
2020-08-30 02:15:00+00:00,1973.14,1973.14,1973.14,1973.14,0.165534,2020,8,30
2020-08-30 02:20:00+00:00,1973.14,1973.14,1973.14,1973.14,0.0,2020,8,30
2020-08-30 02:25:00+00:00,1973.14,1973.14,1973.0,1973.0,1.579923,2020,8,30
2020-08-30 02:30:00+00:00,1973.0,1973.0,1973.0,1973.0,0.0,2020,8,30
2020-08-30 02:35:00+00:00,1978.5,1978.5,1978.5,1978.5,0.020767,2020,8,30
2020-08-30 02:40:00+00:00,1978.5,1978.5,1978.5,1978.5,0.0081,2020,8,30
2020-08-30 02:45:00+00:00,1978.5,1980.3,1978.5,1980.3,0.1239,2020,8,30
2020-08-30 02:50:00+00:00,1978.5,1980.3,1977.62,1980.3,1.066754,2020,8,30
2020-08-30 02:55:00+00:00,1980.3,1980.3,1975.0,1975.0,0.372783,2020,8,30
2020-08-30 03:00:00+00:00,1975.0,1975.0,1975.0,1975.0,0.1324,2020,8,30
2020-08-30 03:05:00+00:00,1975.0,1975.0,1975.0,1975.0,0.0,2020,8,30
2020-08-30 03:10:00+00:00,1975.0,1975.0,1975.0,1975.0,0.0,2020,8,30
2020-08-30 03:15:00+00:00,1975.0,1975.0,1975.0,1975.0,0.0,2020,8,30
2020-08-30 03:20:00+00:00,1975.0,1975.0,1975.0,1975.0,0.012,2020,8,30
2020-08-30 03:25:00+00:00,1975.0,1975.0,1975.0,1975.0,0.0,2020,8,30
2020-08-30 03:30:00+00:00,1975.0,1975.0,1975.0,1975.0,0.0834,2020,8,30
2020-08-30 03:35:00+00:00,1975.0,1975.0,1975.0,1975.0,0.022174,2020,8,30
2020-08-30 03:40:00+00:00,1975.0,1975.0,1975.0,1975.0,0.0,2020,8,30
2020-08-30 03:45:00+00:00,1975.0,1975.0,1975.0,1975.0,0.0,2020,8,30
2020-08-30 03:50:00+00:00,1975.0,1975.0,1975.0,1975.0,0.01744,2020,8,30
2020-08-30 03:55:00+00:00,1975.0,1979.99,1975.0,1979.99,0.162361,2020,8,30
2020-08-30 04:00:00+00:00,1975.0,1975.0,1975.0,1975.0,0.054122,2020,8,30
2020-08-30 04:05:00+00:00,1975.0,1975.0,1975.0,1975.0,0.0,2020,8,30
2020-08-30 04:10:00+00:00,1975.0,1975.0,1975.0,1975.0,0.541,2020,8,30
2020-08-30 04:15:00+00:00,1975.0,1975.0,1975.0,1975.0,0.0063,2020,8,30
2020-08-30 04:20:00+00:00,1975.0,1975.0,1975.0,1975.0,0.0,2020,8,30
2020-08-30 04:25:00+00:00,1979.99,1980.3,1979.99,1980.3,1.082681,2020,8,30
2020-08-30 04:30:00+00:00,1975.0,1975.0,1975.0,1975.0,0.07854,2020,8,30
2020-08-30 04:35:00+00:00,1975.0,1975.0,1975.0,1975.0,0.0,2020,8,30
2020-08-30 04:40:00+00:00,1975.0,1975.0,1975.0,1975.0,0.0,2020,8,30
2020-08-30 04:45:00+00:00,1975.0,1980.29,1975.0,1980.29,0.069504,2020,8,30
2020-08-30 04:50:00+00:00,1980.29,1980.29,1973.46,1973.46,0.209066,2020,8,30
2020-08-30 04:55:00+00:00,1973.46,1973.46,1973.46,1973.46,0.0306,2020,8,30
2020-08-30 05:00:00+00:00,1973.46,1973.46,1973.46,1973.46,0.0,2020,8,30
2020-08-30 05:05:00+00:00,1973.46,1973.46,1969.29,1969.29,0.284205,2020,8,30
2020-08-30 05:10:00+00:00,1970.0,1970.0,1970.0,1970.0,0.040889,2020,8,30
2020-08-30 05:15:00+00:00,1969.39,1969.39,1968.97,1968.98,5.423538,2020,8,30
2020-08-30 05:20:00+00:00,1968.98,1968.98,1968.98,1968.98,0.0,2020,8,30
2020-08-30 05:25:00+00:00,1968.76,1975.0,1968.5,1970.0,1.762204,2020,8,30
2020-08-30 05:30:00+00:00,1974.99,1976.29,1974.99,1976.29,0.03223,2020,8,30
2020-08-30 05:35:00+00:00,1976.29,1976.29,1976.29,1976.29,0.0,2020,8,30
2020-08-30 05:40:00+00:00,1968.76,1976.29,1968.76,1976.29,0.136174,2020,8,30
2020-08-30 05:45:00+00:00,1976.29,1976.29,1976.29,1976.29,0.0,2020,8,30
2020-08-30 05:50:00+00:00,1976.27,1976.29,1965.13,1965.13,1.151858,2020,8,30
2020-08-30 05:55:00+00:00,1965.13,1965.13,1965.13,1965.13,0.0,2020,8,30
2020-08-30 06:00:00+00:00,1974.99,1974.99,1974.99,1974.99,0.020279,2020,8,30
2020-08-30 06:05:00+00:00,1975.0,1975.0,1975.0,1975.0,0.008796,2020,8,30
2020-08-30 06:10:00+00:00,1965.33,1965.33,1965.32,1965.32,0.040848,2020,8,30
2020-08-30 06:15:00+00:00,1974.99,1976.29,1974.99,1976.29,0.029969,2020,8,30
2020-08-30 06:20:00+00:00,1976.29,1976.29,1965.22,1976.29,0.066998,2020,8,30
2020-08-30 06:25:00+00:00,1968.78,1968.79,1968.76,1968.77,0.152997,2020,8,30
2020-08-30 06:30:00+00:00,1968.77,1968.77,1968.77,1968.77,0.0,2020,8,30
2020-08-30 06:35:00+00:00,1968.76,1968.76,1968.76,1968.76,0.0068,2020,8,30
2020-08-30 06:40:00+00:00,1968.76,1968.76,1968.75,1968.75,0.007792,2020,8,30
2020-08-30 06:45:00+00:00,1968.75,1968.75,1968.75,1968.75,0.011541,2020,8,30
2020-08-30 06:50:00+00:00,1968.75,1968.75,1968.75,1968.75,0.0,2020,8,30
2020-08-30 06:55:00+00:00,1965.26,1976.0,1965.26,1976.0,0.096429,2020,8,30
2020-08-30 07:00:00+00:00,1976.0,1976.0,1976.0,1976.0,0.31405,2020,8,30
2020-08-30 07:05:00+00:00,1976.0,1976.0,1976.0,1976.0,0.09119,2020,8,30
2020-08-30 07:10:00+00:00,1968.76,1968.76,1965.22,1965.22,0.156397,2020,8,30
2020-08-30 07:15:00+00:00,1974.99,1976.0,1974.99,1976.0,0.09699,2020,8,30
2020-08-30 07:20:00+00:00,1975.99,1976.0,1975.99,1976.0,0.371531,2020,8,30
2020-08-30 07:25:00+00:00,1976.0,1976.0,1964.82,1976.0,3.429849,2020,8,30
2020-08-30 07:30:00+00:00,1974.98,1974.99,1974.98,1974.99,0.17369,2020,8,30
2020-08-30 07:35:00+00:00,1974.99,1975.0,1974.99,1975.0,0.49115,2020,8,30
2020-08-30 07:40:00+00:00,1975.0,1975.0,1975.0,1975.0,0.559262,2020,8,30
2020-08-30 07:45:00+00:00,1975.0,1975.0,1975.0,1975.0,1.399861,2020,8,30
2020-08-30 07:50:00+00:00,1968.84,1968.84,1968.83,1968.83,4.69361,2020,8,30
2020-08-30 07:55:00+00:00,1968.82,1968.82,1968.82,1968.82,0.01261,2020,8,30
2020-08-30 08:00:00+00:00,1968.82,1968.82,1964.86,1964.86,0.636642,2020,8,30
2020-08-30 08:05:00+00:00,1968.82,1968.82,1968.82,1968.82,0.592099,2020,8,30
2020-08-30 08:10:00+00:00,1968.82,1968.82,1968.82,1968.82,0.0,2020,8,30
2020-08-30 08:15:00+00:00,1968.82,1968.83,1968.82,1968.83,1.482021,2020,8,30
2020-08-30 08:20:00+00:00,1968.83,1968.83,1968.83,1968.83,0.022223,2020,8,30
2020-08-30 08:25:00+00:00,1968.83,1968.83,1968.83,1968.83,0.14404,2020,8,30
2020-08-30 08:30:00+00:00,1965.03,1968.83,1965.03,1968.83,2.439111,2020,8,30
2020-08-30 08:35:00+00:00,1968.83,1968.83,1968.83,1968.83,1.015831,2020,8,30
2020-08-30 08:40:00+00:00,1968.83,1968.83,1968.83,1968.83,0.619585,2020,8,30
2020-08-30 08:45:00+00:00,1968.83,1968.83,1968.83,1968.83,0.051801,2020,8,30
2020-08-30 08:50:00+00:00,1968.83,1968.83,1968.83,1968.83,0.019632,2020,8,30
2020-08-30 08:55:00+00:00,1968.83,1968.83,1968.83,1968.83,0.0,2020,8,30
2020-08-30 09:00:00+00:00,1968.83,1968.83,1968.83,1968.83,0.342816,2020,8,30
2020-08-30 09:05:00+00:00,1968.83,1968.83,1968.83,1968.83,0.0,2020,8,30
2020-08-30 09:10:00+00:00,1968.83,1968.83,1968.83,1968.83,0.02756,2020,8,30
2020-08-30 09:15:00+00:00,1968.83,1968.83,1968.83,1968.83,0.02,2020,8,30
2020-08-30 09:20:00+00:00,1968.83,1968.83,1968.83,1968.83,0.0,2020,8,30
2020-08-30 09:25:00+00:00,1968.83,1968.83,1968.83,1968.83,0.0,2020,8,30
2020-08-30 09:30:00+00:00,1968.83,1968.83,1968.83,1968.83,1.050668,2020,8,30
2020-08-30 09:35:00+00:00,1968.83,1968.83,1968.83,1968.83,0.0,2020,8,30
2020-08-30 09:40:00+00:00,1968.83,1968.83,1968.83,1968.83,0.0,2020,8,30
2020-08-30 09:45:00+00:00,1968.83,1968.83,1968.83,1968.83,0.006083,2020,8,30
2020-08-30 09:50:00+00:00,1968.83,1968.83,1968.83,1968.83,0.0,2020,8,30
2020-08-30 09:55:00+00:00,1968.83,1968.83,1968.83,1968.83,0.0,2020,8,30
2020-08-30 10:00:00+00:00,1968.83,1968.83,1968.83,1968.83,0.0,2020,8,30
2020-08-30 10:05:00+00:00,1965.51,1965.51,1965.51,1965.51,0.155451,2020,8,30
2020-08-30 10:10:00+00:00,1965.51,1965.51,1965.51,1965.51,0.0,2020,8,30
2020-08-30 10:15:00+00:00,1968.83,1968.83,1968.83,1968.83,0.146175,2020,8,30
2020-08-30 10:20:00+00:00,1968.83,1968.83,1968.83,1968.83,2.837628,2020,8,30
2020-08-30 10:25:00+00:00,1968.83,1968.83,1968.83,1968.83,0.041192,2020,8,30
2020-08-30 10:30:00+00:00,1968.83,1968.83,1968.83,1968.83,0.0,2020,8,30
2020-08-30 10:35:00+00:00,1968.83,1968.83,1968.83,1968.83,1.511893,2020,8,30
2020-08-30 10:40:00+00:00,1968.83,1968.83,1968.83,1968.83,0.0,2020,8,30
2020-08-30 10:45:00+00:00,1968.83,1968.83,1968.83,1968.83,1.401783,2020,8,30
2020-08-30 10:50:00+00:00,1968.83,1968.83,1968.83,1968.83,0.2008,2020,8,30
2020-08-30 10:55:00+00:00,1968.83,1968.83,1968.83,1968.83,0.234627,2020,8,30
2020-08-30 11:00:00+00:00,1968.83,1968.83,1968.83,1968.83,0.0,2020,8,30
2020-08-30 11:05:00+00:00,1968.83,1968.83,1968.83,1968.83,0.0,2020,8,30
2020-08-30 11:10:00+00:00,1968.83,1968.83,1964.82,1964.82,6.557261,2020,8,30
2020-08-30 11:15:00+00:00,1968.83,1968.83,1962.59,1962.59,0.081082,2020,8,30
2020-08-30 11:20:00+00:00,1968.83,1968.83,1968.83,1968.83,0.311766,2020,8,30
2020-08-30 11:25:00+00:00,1968.83,1968.83,1968.8,1968.83,0.227778,2020,8,30
2020-08-30 11:30:00+00:00,1968.81,1968.83,1968.81,1968.83,0.754044,2020,8,30
2020-08-30 11:35:00+00:00,1968.82,1968.83,1968.82,1968.83,0.208164,2020,8,30
2020-08-30 11:40:00+00:00,1968.81,1968.81,1967.9,1967.99,0.105458,2020,8,30
2020-08-30 11:45:00+00:00,1968.8,1968.8,1962.68,1962.68,0.891861,2020,8,30
2020-08-30 11:50:00+00:00,1968.78,1968.78,1968.78,1968.78,0.279359,2020,8,30
2020-08-30 11:55:00+00:00,1968.78,1968.78,1962.61,1968.0,0.627947,2020,8,30
2020-08-30 12:00:00+00:00,1968.78,1968.78,1962.51,1962.51,0.821888,2020,8,30
2020-08-30 12:05:00+00:00,1968.78,1968.78,1968.78,1968.78,0.468884,2020,8,30
2020-08-30 12:10:00+00:00,1968.78,1968.83,1968.78,1968.83,0.200913,2020,8,30
2020-08-30 12:15:00+00:00,1968.78,1968.78,1968.78,1968.78,0.169711,2020,8,30
2020-08-30 12:20:00+00:00,1968.78,1968.83,1962.7,1968.83,1.210568,2020,8,30
2020-08-30 12:25:00+00:00,1968.83,1968.83,1968.83,1968.83,0.0,2020,8,30
2020-08-30 12:30:00+00:00,1968.83,1968.83,1968.83,1968.83,1.0,2020,8,30
2020-08-30 12:35:00+00:00,1962.83,1962.84,1962.83,1962.84,0.507767,2020,8,30
2020-08-30 12:40:00+00:00,1962.89,1962.89,1962.89,1962.89,0.689339,2020,8,30
2020-08-30 12:45:00+00:00,1963.0,1963.1,1962.76,1962.76,3.0,2020,8,30
2020-08-30 12:50:00+00:00,1968.82,1968.82,1968.82,1968.82,0.106084,2020,8,30
2020-08-30 12:55:00+00:00,1968.82,1968.82,1968.82,1968.82,0.169188,2020,8,30
2020-08-30 13:00:00+00:00,1968.82,1968.82,1960.65,1968.75,7.062989,2020,8,30
2020-08-30 13:05:00+00:00,1962.13,1962.13,1962.13,1962.13,0.031088,2020,8,30
2020-08-30 13:10:00+00:00,1962.54,1968.74,1962.53,1962.55,5.120538,2020,8,30
2020-08-30 13:15:00+00:00,1968.74,1968.74,1968.74,1968.74,0.351663,2020,8,30
2020-08-30 13:20:00+00:00,1968.74,1968.74,1968.74,1968.74,0.0,2020,8,30
2020-08-30 13:25:00+00:00,1968.74,1968.74,1946.75,1962.55,8.999598,2020,8,30
2020-08-30 13:30:00+00:00,1968.45,1968.45,1960.37,1965.45,14.159159,2020,8,30
2020-08-30 13:35:00+00:00,1965.45,1965.45,1965.45,1965.45,0.0,2020,8,30
2020-08-30 13:40:00+00:00,1960.86,1967.99,1956.51,1967.99,44.513043,2020,8,30
2020-08-30 13:45:00+00:00,1967.99,1967.99,1967.99,1967.99,0.0,2020,8,30
2020-08-30 13:50:00+00:00,1967.99,1967.99,1967.99,1967.99,0.0,2020,8,30
2020-08-30 13:55:00+00:00,1967.99,1967.99,1967.99,1967.99,0.0,2020,8,30
2020-08-30 14:00:00+00:00,1967.15,1967.15,1967.15,1967.15,0.11,2020,8,30
2020-08-30 14:05:00+00:00,1965.99,1965.99,1959.87,1959.87,0.671905,2020,8,30
2020-08-30 14:10:00+00:00,1959.87,1959.87,1959.87,1959.87,0.045398,2020,8,30
2020-08-30 14:15:00+00:00,1964.99,1966.3,1964.99,1966.3,2.597769,2020,8,30
2020-08-30 14:20:00+00:00,1966.3,1966.3,1966.3,1966.3,0.051705,2020,8,30
2020-08-30 14:25:00+00:00,1966.3,1966.3,1966.3,1966.3,0.5436,2020,8,30
2020-08-30 14:30:00+00:00,1966.3,1967.15,1966.3,1967.15,3.103269,2020,8,30
2020-08-30 14:35:00+00:00,1967.15,1967.15,1967.15,1967.15,0.132817,2020,8,30
2020-08-30 14:40:00+00:00,1967.15,1967.15,1967.15,1967.15,0.0561,2020,8,30
2020-08-30 14:45:00+00:00,1967.15,1967.15,1967.15,1967.15,0.0,2020,8,30
2020-08-30 14:50:00+00:00,1967.99,1968.57,1967.15,1968.57,2.795046,2020,8,30
2020-08-30 14:55:00+00:00,1968.57,1968.57,1968.57,1968.57,0.513604,2020,8,30
2020-08-30 15:00:00+00:00,1967.15,1967.15,1967.15,1967.15,1.802315,2020,8,30
2020-08-30 15:05:00+00:00,1967.15,1967.15,1967.15,1967.15,0.0,2020,8,30
2020-08-30 15:10:00+00:00,1968.57,1968.57,1968.57,1968.57,2.006365,2020,8,30
2020-08-30 15:15:00+00:00,1968.56,1968.56,1968.56,1968.56,0.05,2020,8,30
2020-08-30 15:20:00+00:00,1968.56,1968.56,1968.56,1968.56,0.0,2020,8,30
2020-08-30 15:25:00+00:00,1968.55,1968.57,1968.55,1968.56,0.755112,2020,8,30
2020-08-30 15:30:00+00:00,1968.57,1968.57,1968.56,1968.56,0.879064,2020,8,30
2020-08-30 15:35:00+00:00,1968.56,1968.57,1968.56,1968.57,0.147258,2020,8,30
2020-08-30 15:40:00+00:00,1968.56,1968.56,1968.56,1968.56,0.175192,2020,8,30
2020-08-30 15:45:00+00:00,1968.57,1968.57,1968.57,1968.57,0.163532,2020,8,30
2020-08-30 15:50:00+00:00,1968.57,1968.57,1956.53,1968.55,3.018719,2020,8,30
2020-08-30 15:55:00+00:00,1968.56,1968.56,1968.56,1968.56,1.02757,2020,8,30
2020-08-30 16:00:00+00:00,1968.56,1968.56,1968.56,1968.56,0.007496,2020,8,30
2020-08-30 16:05:00+00:00,1968.56,1968.57,1968.56,1968.57,0.7,2020,8,30
2020-08-30 16:10:00+00:00,1968.57,1968.57,1968.57,1968.57,0.189485,2020,8,30
2020-08-30 16:15:00+00:00,1968.55,1968.83,1961.49,1968.83,1.290369,2020,8,30
2020-08-30 16:20:00+00:00,1968.83,1968.83,1968.83,1968.83,0.0,2020,8,30
2020-08-30 16:25:00+00:00,1969.75,1971.99,1969.75,1971.99,1.393845,2020,8,30
2020-08-30 16:30:00+00:00,1974.65,1976.0,1971.64,1976.0,2.498979,2020,8,30
2020-08-30 16:35:00+00:00,1973.59,1973.59,1973.59,1973.59,0.523051,2020,8,30
2020-08-30 16:40:00+00:00,1973.59,1973.59,1971.64,1971.64,0.733809,2020,8,30
2020-08-30 16:45:00+00:00,1971.64,1971.64,1967.49,1969.0,1.965151,2020,8,30
2020-08-30 16:50:00+00:00,1969.0,1975.99,1969.0,1975.99,0.982257,2020,8,30
2020-08-30 16:55:00+00:00,1975.99,1976.0,1975.5,1976.0,2.595863,2020,8,30
2020-08-30 17:00:00+00:00,1976.0,1976.72,1976.0,1976.0,2.50112,2020,8,30
2020-08-30 17:05:00+00:00,1976.72,1976.99,1976.0,1976.0,0.544433,2020,8,30
2020-08-30 17:10:00+00:00,1976.99,1976.99,1976.0,1976.99,0.224786,2020,8,30
2020-08-30 17:15:00+00:00,1976.99,1976.99,1976.0,1976.0,0.136784,2020,8,30
2020-08-30 17:20:00+00:00,1976.99,1978.75,1976.0,1976.0,9.922739,2020,8,30
2020-08-30 17:25:00+00:00,1979.99,1979.99,1976.0,1979.99,0.312567,2020,8,30
2020-08-30 17:30:00+00:00,1976.06,1982.86,1975.5,1976.55,1.242137,2020,8,30
2020-08-30 17:35:00+00:00,1976.55,1976.55,1976.55,1976.55,0.105151,2020,8,30
2020-08-30 17:40:00+00:00,1976.55,1976.55,1976.55,1976.55,0.0,2020,8,30
2020-08-30 17:45:00+00:00,1976.0,1976.55,1976.0,1976.55,1.693174,2020,8,30
2020-08-30 17:50:00+00:00,1981.87,1981.87,1981.87,1981.87,0.050705,2020,8,30
2020-08-30 17:55:00+00:00,1976.55,1976.56,1976.55,1976.56,0.053974,2020,8,30
2020-08-30 18:00:00+00:00,1976.56,1976.56,1976.56,1976.56,0.758894,2020,8,30
2020-08-30 18:05:00+00:00,1981.86,1981.87,1981.86,1981.87,0.165083,2020,8,30
2020-08-30 18:10:00+00:00,1981.87,1981.87,1981.87,1981.87,0.151051,2020,8,30
2020-08-30 18:15:00+00:00,1981.87,1982.25,1976.55,1978.45,0.908764,2020,8,30
2020-08-30 18:20:00+00:00,1981.87,1981.87,1976.55,1981.87,0.317285,2020,8,30
2020-08-30 18:25:00+00:00,1981.87,1981.87,1976.55,1976.55,0.623587,2020,8,30
2020-08-30 18:30:00+00:00,1981.87,1981.87,1981.87,1981.87,0.02,2020,8,30
2020-08-30 18:35:00+00:00,1981.87,1981.87,1976.0,1976.0,0.084339,2020,8,30
2020-08-30 18:40:00+00:00,1976.0,1976.0,1976.0,1976.0,0.0,2020,8,30
2020-08-30 18:45:00+00:00,1976.0,1976.0,1976.0,1976.0,0.0,2020,8,30
2020-08-30 18:50:00+00:00,1976.0,1976.0,1976.0,1976.0,1.054989,2020,8,30
2020-08-30 18:55:00+00:00,1976.0,1976.0,1976.0,1976.0,0.0,2020,8,30
2020-08-30 19:00:00+00:00,1976.01,1976.01,1976.0,1976.0,1.013077,2020,8,30
2020-08-30 19:05:00+00:00,1976.0,1976.0,1976.0,1976.0,2.639493,2020,8,30
2020-08-30 19:10:00+00:00,1981.87,1983.25,1976.55,1981.06,3.590049,2020,8,30
2020-08-30 19:15:00+00:00,1981.06,1981.06,1981.06,1981.06,0.0,2020,8,30
2020-08-30 19:20:00+00:00,1981.06,1981.06,1981.06,1981.06,10.206287,2020,8,30
2020-08-30 19:25:00+00:00,1981.06,1981.06,1981.06,1981.06,0.0,2020,8,30
2020-08-30 19:30:00+00:00,1981.06,1981.06,1981.06,1981.06,0.0,2020,8,30
2020-08-30 19:35:00+00:00,1981.06,1981.06,1981.06,1981.06,0.173908,2020,8,30
2020-08-30 19:40:00+00:00,1981.06,1981.06,1981.06,1981.06,0.0,2020,8,30
2020-08-30 19:45:00+00:00,1981.06,1981.06,1981.06,1981.06,0.018947,2020,8,30
2020-08-30 19:50:00+00:00,1977.0,1977.0,1977.0,1977.0,0.141,2020,8,30
2020-08-30 19:55:00+00:00,1981.06,1985.0,1977.92,1977.92,1.354224,2020,8,30
2020-08-30 20:00:00+00:00,1977.01,1985.0,1977.0,1983.25,4.519895,2020,8,30
2020-08-30 20:05:00+00:00,1983.25,1983.25,1983.25,1983.25,0.022197,2020,8,30
2020-08-30 20:10:00+00:00,1977.0,1977.0,1976.89,1976.89,2.710932,2020,8,30
2020-08-30 20:15:00+00:00,1976.89,1976.89,1976.89,1976.89,0.0,2020,8,30
2020-08-30 20:20:00+00:00,1976.55,1976.55,1976.55,1976.55,0.006647,2020,8,30
2020-08-30 20:25:00+00:00,1976.55,1976.55,1976.02,1976.02,0.105148,2020,8,30
2020-08-30 20:30:00+00:00,1976.02,1980.0,1976.0,1980.0,0.20949,2020,8,30
2020-08-30 20:35:00+00:00,1980.0,1980.0,1976.0,1977.0,4.609052,2020,8,30
2020-08-30 20:40:00+00:00,1979.99,1980.47,1979.99,1980.47,0.010332,2020,8,30
2020-08-30 20:45:00+00:00,1980.47,1980.47,1980.47,1980.47,0.060637,2020,8,30
2020-08-30 20:50:00+00:00,1981.87,1984.47,1977.0,1977.0,0.185291,2020,8,30
2020-08-30 20:55:00+00:00,1977.0,1977.0,1977.0,1977.0,0.063323,2020,8,30
2020-08-30 21:00:00+00:00,1976.89,1976.89,1976.01,1976.01,0.541913,2020,8,30
2020-08-30 21:05:00+00:00,1976.01,1976.01,1976.01,1976.01,0.103428,2020,8,30
2020-08-30 21:10:00+00:00,1976.01,1976.01,1976.01,1976.01,0.0,2020,8,30
2020-08-30 21:15:00+00:00,1976.01,1976.01,1976.01,1976.01,0.051,2020,8,30
2020-08-30 21:20:00+00:00,1976.01,1976.01,1976.01,1976.01,0.0,2020,8,30
2020-08-30 21:25:00+00:00,1976.02,1983.25,1976.02,1977.92,0.300957,2020,8,30
2020-08-30 21:30:00+00:00,1977.92,1977.92,1976.55,1976.55,0.106258,2020,8,30
2020-08-30 21:35:00+00:00,1976.55,1983.25,1976.55,1983.25,0.658324,2020,8,30
2020-08-30 21:40:00+00:00,1977.0,1977.0,1977.0,1977.0,0.202326,2020,8,30
2020-08-30 21:45:00+00:00,1983.24,1983.24,1983.24,1983.24,0.066967,2020,8,30
2020-08-30 21:50:00+00:00,1976.57,1976.57,1976.01,1976.01,0.808122,2020,8,30
2020-08-30 21:55:00+00:00,1976.01,1976.01,1976.01,1976.01,0.681483,2020,8,30
2020-08-30 22:00:00+00:00,1975.17,1975.98,1975.0,1975.0,0.977188,2020,8,30
2020-08-30 22:05:00+00:00,1975.0,1975.0,1972.72,1972.72,2.14578,2020,8,30
2020-08-30 22:10:00+00:00,1976.0,1976.01,1976.0,1976.01,0.947443,2020,8,30
2020-08-30 22:15:00+00:00,1973.01,1973.01,1973.01,1973.01,0.010689,2020,8,30
2020-08-30 22:20:00+00:00,1973.01,1973.01,1973.01,1973.01,0.0,2020,8,30
2020-08-30 22:25:00+00:00,1973.01,1973.01,1973.01,1973.01,0.0,2020,8,30
2020-08-30 22:30:00+00:00,1975.01,1975.01,1973.01,1973.01,0.86913,2020,8,30
2020-08-30 22:35:00+00:00,1979.12,1979.12,1979.12,1979.12,0.0062,2020,8,30
2020-08-30 22:40:00+00:00,1979.12,1979.12,1979.12,1979.12,0.032625,2020,8,30
2020-08-30 22:45:00+00:00,1979.12,1979.12,1979.12,1979.12,0.0,2020,8,30
2020-08-30 22:50:00+00:00,1973.81,1973.81,1973.81,1973.81,0.02781,2020,8,30
2020-08-30 22:55:00+00:00,1979.12,1979.12,1979.12,1979.12,0.00992,2020,8,30
2020-08-30 23:00:00+00:00,1979.12,1979.12,1979.12,1979.12,0.0,2020,8,30
2020-08-30 23:05:00+00:00,1979.12,1979.12,1979.12,1979.12,0.032264,2020,8,30
2020-08-30 23:10:00+00:00,1979.12,1979.12,1979.12,1979.12,0.010816,2020,8,30
2020-08-30 23:15:00+00:00,1979.12,1979.12,1979.12,1979.12,0.200262,2020,8,30
2020-08-30 23:20:00+00:00,1979.12,1979.12,1979.12,1979.12,0.0433,2020,8,30
2020-08-30 23:25:00+00:00,1979.12,1979.12,1979.12,1979.12,0.0,2020,8,30
2020-08-30 23:30:00+00:00,1980.48,1982.11,1980.48,1982.1,2.551205,2020,8,30
2020-08-30 23:35:00+00:00,1979.12,1979.12,1976.55,1976.55,0.0337,2020,8,30
2020-08-30 23:40:00+00:00,1982.08,1982.08,1982.08,1982.08,0.029327,2020,8,30
2020-08-30 23:45:00+00:00,1982.08,1982.08,1982.08,1982.08,0.0,2020,8,30
2020-08-30 23:50:00+00:00,1980.99,1982.1,1980.99,1982.1,0.270581,2020,8,30
2020-08-30 23:55:00+00:00,1982.1,1982.1,1982.1,1982.1,0.111696,2020,8,30
2020-08-31 00:00:00+00:00,1982.1,1982.1,1982.1,1982.1,0.233458,2020,8,31
2020-08-31 00:05:00+00:00,1982.1,1982.1,1982.1,1982.1,0.106575,2020,8,31
2020-08-31 00:10:00+00:00,1982.1,1982.1,1982.1,1982.1,1.027282,2020,8,31
2020-08-31 00:15:00+00:00,1982.1,1982.1,1982.1,1982.1,0.006032,2020,8,31
2020-08-31 00:20:00+00:00,1982.1,1982.11,1982.1,1982.11,0.01009,2020,8,31
2020-08-31 00:25:00+00:00,1976.55,1980.49,1973.88,1980.49,0.846483,2020,8,31
2020-08-31 00:30:00+00:00,1980.49,1980.49,1980.49,1980.49,0.0,2020,8,31
2020-08-31 00:35:00+00:00,1974.46,1974.46,1974.46,1974.46,0.137619,2020,8,31
2020-08-31 00:40:00+00:00,1980.49,1981.25,1980.49,1981.25,0.018742,2020,8,31
2020-08-31 00:45:00+00:00,1981.25,1981.25,1981.25,1981.25,0.0,2020,8,31
2020-08-31 00:50:00+00:00,1981.25,1982.11,1975.17,1975.18,0.132893,2020,8,31
2020-08-31 00:55:00+00:00,1975.18,1975.18,1975.18,1975.18,0.0,2020,8,31
2020-08-31 01:00:00+00:00,1975.18,1975.18,1975.18,1975.18,0.0,2020,8,31
2020-08-31 01:05:00+00:00,1981.87,1982.11,1976.55,1976.55,1.344984,2020,8,31
2020-08-31 01:10:00+00:00,1976.55,1981.87,1975.18,1981.87,0.473864,2020,8,31
2020-08-31 01:15:00+00:00,1981.87,1981.87,1981.87,1981.87,0.006826,2020,8,31
2020-08-31 01:20:00+00:00,1981.87,1981.87,1975.0,1975.0,0.347287,2020,8,31
2020-08-31 01:25:00+00:00,1975.0,1975.0,1975.0,1975.0,0.0,2020,8,31
2020-08-31 01:30:00+00:00,1980.49,1981.87,1980.49,1981.87,0.04588,2020,8,31
2020-08-31 01:35:00+00:00,1981.87,1981.87,1981.87,1981.87,0.013036,2020,8,31
2020-08-31 01:40:00+00:00,1981.87,1981.87,1981.87,1981.87,0.0,2020,8,31
2020-08-31 01:45:00+00:00,1981.87,1981.87,1981.87,1981.87,0.0,2020,8,31
2020-08-31 01:50:00+00:00,1975.18,1975.18,1975.18,1975.18,0.079544,2020,8,31
2020-08-31 01:55:00+00:00,1975.18,1975.18,1975.18,1975.18,0.0,2020,8,31
2020-08-31 02:00:00+00:00,1975.18,1975.18,1975.18,1975.18,0.0,2020,8,31
2020-08-31 02:05:00+00:00,1975.18,1975.18,1975.18,1975.18,0.0,2020,8,31
2020-08-31 02:10:00+00:00,1981.87,1982.11,1981.87,1982.11,2.321119,2020,8,31
2020-08-31 02:15:00+00:00,1976.55,1976.55,1975.01,1975.01,0.086496,2020,8,31
2020-08-31 02:20:00+00:00,1975.01,1975.01,1975.01,1975.01,0.0,2020,8,31
2020-08-31 02:25:00+00:00,1980.49,1980.49,1980.49,1980.49,0.025951,2020,8,31
2020-08-31 02:30:00+00:00,1975.51,1975.51,1975.51,1975.51,0.025925,2020,8,31
2020-08-31 02:35:00+00:00,1980.49,1980.49,1980.49,1980.49,0.00582,2020,8,31
2020-08-31 02:40:00+00:00,1980.49,1981.0,1980.49,1981.0,0.008662,2020,8,31
2020-08-31 02:45:00+00:00,1981.0,1981.0,1981.0,1981.0,0.0,2020,8,31
2020-08-31 02:50:00+00:00,1981.0,1981.87,1981.0,1981.87,0.294295,2020,8,31
2020-08-31 02:55:00+00:00,1981.87,1982.11,1981.87,1982.11,0.105415,2020,8,31
2020-08-31 03:00:00+00:00,1982.11,1982.11,1982.11,1982.11,0.0,2020,8,31
2020-08-31 03:05:00+00:00,1981.0,1981.0,1981.0,1981.0,0.220719,2020,8,31
2020-08-31 03:10:00+00:00,1981.0,1981.0,1981.0,1981.0,0.0,2020,8,31
2020-08-31 03:15:00+00:00,1981.0,1981.0,1981.0,1981.0,0.0,2020,8,31
2020-08-31 03:20:00+00:00,1982.11,1982.11,1982.11,1982.11,0.00672,2020,8,31
2020-08-31 03:25:00+00:00,1982.11,1982.11,1982.11,1982.11,0.227385,2020,8,31
2020-08-31 03:30:00+00:00,1982.11,1982.11,1982.11,1982.11,0.0,2020,8,31
2020-08-31 03:35:00+00:00,1982.11,1982.11,1982.11,1982.11,0.0,2020,8,31
2020-08-31 03:40:00+00:00,1982.11,1982.11,1982.11,1982.11,0.0,2020,8,31
2020-08-31 03:45:00+00:00,1982.11,1982.11,1982.11,1982.11,0.0,2020,8,31
2020-08-31 03:50:00+00:00,1982.11,1982.11,1982.11,1982.11,0.0,2020,8,31
2020-08-31 03:55:00+00:00,1982.11,1982.11,1982.11,1982.11,0.0,2020,8,31
2020-08-31 04:00:00+00:00,1982.11,1982.11,1982.11,1982.11,0.013288,2020,8,31
2020-08-31 04:05:00+00:00,1982.11,1982.11,1982.11,1982.11,0.0,2020,8,31
2020-08-31 04:10:00+00:00,1982.11,1982.11,1982.11,1982.11,0.0,2020,8,31
2020-08-31 04:15:00+00:00,1982.11,1983.65,1977.93,1977.93,2.545428,2020,8,31
2020-08-31 04:20:00+00:00,1977.93,1977.93,1977.93,1977.93,0.0,2020,8,31
2020-08-31 04:25:00+00:00,1977.93,1977.93,1977.93,1977.93,0.0,2020,8,31
2020-08-31 04:30:00+00:00,1977.92,1977.92,1976.89,1976.89,0.188858,2020,8,31
2020-08-31 04:35:00+00:00,1976.89,1976.89,1976.89,1976.89,0.0,2020,8,31
2020-08-31 04:40:00+00:00,1976.89,1976.89,1976.89,1976.89,0.145447,2020,8,31
2020-08-31 04:45:00+00:00,1976.89,1976.89,1976.89,1976.89,0.16208,2020,8,31
2020-08-31 04:50:00+00:00,1976.89,1976.89,1976.89,1976.89,0.0,2020,8,31
2020-08-31 04:55:00+00:00,1976.89,1976.89,1976.89,1976.89,0.0,2020,8,31
2020-08-31 05:00:00+00:00,1976.89,1976.89,1976.89,1976.89,0.0,2020,8,31
2020-08-31 05:05:00+00:00,1976.9,1976.9,1976.89,1976.89,0.050451,2020,8,31
2020-08-31 05:10:00+00:00,1976.89,1976.89,1976.89,1976.89,0.0,2020,8,31
2020-08-31 05:15:00+00:00,1976.89,1980.0,1976.89,1980.0,0.114624,2020,8,31
2020-08-31 05:20:00+00:00,1981.14,1981.14,1981.14,1981.14,0.006563,2020,8,31
2020-08-31 05:25:00+00:00,1976.9,1976.9,1976.89,1976.89,0.039378,2020,8,31
2020-08-31 05:30:00+00:00,1976.89,1976.89,1976.89,1976.89,0.117221,2020,8,31
2020-08-31 05:35:00+00:00,1976.89,1976.89,1976.89,1976.89,0.0,2020,8,31
2020-08-31 05:40:00+00:00,1983.21,1983.21,1983.21,1983.21,0.530143,2020,8,31
2020-08-31 05:45:00+00:00,1983.21,1983.21,1983.21,1983.21,0.0,2020,8,31
2020-08-31 05:50:00+00:00,1983.21,1983.21,1983.21,1983.21,0.0,2020,8,31
2020-08-31 05:55:00+00:00,1983.21,1983.21,1983.21,1983.21,0.0,2020,8,31
2020-08-31 06:00:00+00:00,1976.89,1976.89,1976.55,1976.55,1.008082,2020,8,31
2020-08-31 06:05:00+00:00,1976.55,1976.55,1976.55,1976.55,0.0,2020,8,31
2020-08-31 06:10:00+00:00,1975.17,1975.17,1973.88,1973.88,1.925252,2020,8,31
2020-08-31 06:15:00+00:00,1973.88,1973.88,1973.88,1973.88,0.28677,2020,8,31
2020-08-31 06:20:00+00:00,1973.88,1973.88,1973.88,1973.88,0.0,2020,8,31
2020-08-31 06:25:00+00:00,1973.88,1973.88,1973.88,1973.88,0.291946,2020,8,31
2020-08-31 06:30:00+00:00,1973.81,1973.81,1973.8,1973.8,1.005946,2020,8,31
2020-08-31 06:35:00+00:00,1973.88,1973.88,1973.88,1973.88,0.541804,2020,8,31
2020-08-31 06:40:00+00:00,1973.88,1973.88,1973.88,1973.88,0.0,2020,8,31
2020-08-31 06:45:00+00:00,1979.12,1980.49,1975.17,1975.17,0.631462,2020,8,31
2020-08-31 06:50:00+00:00,1980.46,1980.46,1980.46,1980.46,0.584258,2020,8,31
2020-08-31 06:55:00+00:00,1980.2,1980.2,1980.2,1980.2,0.006573,2020,8,31
2020-08-31 07:00:00+00:00,1973.8,1973.8,1972.72,1972.72,0.140564,2020,8,31
2020-08-31 07:05:00+00:00,1972.72,1972.72,1972.72,1972.72,0.0,2020,8,31
2020-08-31 07:10:00+00:00,1972.72,1972.72,1972.72,1972.72,0.289144,2020,8,31
2020-08-31 07:15:00+00:00,1972.72,1973.0,1972.72,1973.0,0.118436,2020,8,31
2020-08-31 07:20:00+00:00,1972.72,1972.72,1972.72,1972.72,1.322223,2020,8,31
2020-08-31 07:25:00+00:00,1972.72,1972.72,1968.55,1968.55,1.148826,2020,8,31
2020-08-31 07:30:00+00:00,1971.06,1971.06,1971.06,1971.06,0.002793,2020,8,31
2020-08-31 07:35:00+00:00,1971.06,1977.74,1971.06,1972.43,9.399976,2020,8,31
2020-08-31 07:40:00+00:00,1972.43,1972.43,1968.55,1968.55,0.195239,2020,8,31
2020-08-31 07:45:00+00:00,1968.55,1968.56,1968.32,1968.32,2.441919,2020,8,31
2020-08-31 07:50:00+00:00,1968.32,1968.32,1968.32,1968.32,0.0,2020,8,31
2020-08-31 07:55:00+00:00,1968.32,1973.88,1968.32,1973.88,0.364604,2020,8,31
2020-08-31 08:00:00+00:00,1968.32,1968.32,1968.32,1968.32,0.0338,2020,8,31
2020-08-31 08:05:00+00:00,1968.32,1968.32,1966.0,1966.0,0.347818,2020,8,31
2020-08-31 08:10:00+00:00,1966.0,1966.0,1966.0,1966.0,0.645254,2020,8,31
2020-08-31 08:15:00+00:00,1966.0,1966.0,1966.0,1966.0,0.0,2020,8,31
2020-08-31 08:20:00+00:00,1966.0,1966.0,1966.0,1966.0,2.060539,2020,8,31
2020-08-31 08:25:00+00:00,1966.0,1966.0,1966.0,1966.0,0.99614,2020,8,31
2020-08-31 08:30:00+00:00,1966.0,1966.0,1966.0,1966.0,0.0,2020,8,31
2020-08-31 08:35:00+00:00,1966.0,1966.0,1964.39,1966.0,6.174691,2020,8,31
2020-08-31 08:40:00+00:00,1966.0,1966.0,1964.39,1964.39,1.31,2020,8,31
2020-08-31 08:45:00+00:00,1964.39,1964.39,1964.39,1964.39,0.0,2020,8,31
2020-08-31 08:50:00+00:00,1964.39,1964.39,1964.39,1964.39,0.01,2020,8,31
2020-08-31 08:55:00+00:00,1964.39,1964.39,1964.39,1964.39,0.0,2020,8,31
2020-08-31 09:00:00+00:00,1966.0,1970.86,1966.0,1970.86,0.05708,2020,8,31
2020-08-31 09:05:00+00:00,1970.83,1970.87,1970.83,1970.87,1.776146,2020,8,31
2020-08-31 09:10:00+00:00,1970.88,1977.01,1970.88,1977.01,1.524396,2020,8,31
2020-08-31 09:15:00+00:00,1977.01,1977.01,1977.01,1977.01,0.0,2020,8,31
2020-08-31 09:20:00+00:00,1971.1,1971.1,1971.06,1971.06,0.092609,2020,8,31
2020-08-31 09:25:00+00:00,1971.06,1971.06,1964.39,1970.87,2.575098,2020,8,31
2020-08-31 09:30:00+00:00,1970.87,1970.87,1970.87,1970.87,0.0,2020,8,31
2020-08-31 09:35:00+00:00,1970.86,1970.86,1970.86,1970.86,0.027793,2020,8,31
2020-08-31 09:40:00+00:00,1970.86,1970.86,1970.86,1970.86,0.0,2020,8,31
2020-08-31 09:45:00+00:00,1970.86,1970.86,1970.86,1970.86,0.0,2020,8,31
2020-08-31 09:50:00+00:00,1964.4,1964.4,1964.4,1964.4,0.013589,2020,8,31
2020-08-31 09:55:00+00:00,1964.4,1964.4,1964.39,1964.4,0.288608,2020,8,31
2020-08-31 10:00:00+00:00,1964.4,1970.87,1964.4,1970.87,0.033274,2020,8,31
2020-08-31 10:05:00+00:00,1970.88,1973.62,1970.88,1972.22,0.108498,2020,8,31
2020-08-31 10:10:00+00:00,1972.22,1972.22,1972.22,1972.22,0.0,2020,8,31
2020-08-31 10:15:00+00:00,1973.62,1976.08,1973.62,1976.08,0.927602,2020,8,31
2020-08-31 10:20:00+00:00,1972.23,1976.08,1972.23,1976.08,0.750971,2020,8,31
2020-08-31 10:25:00+00:00,1976.08,1976.08,1976.08,1976.08,0.0,2020,8,31
2020-08-31 10:30:00+00:00,1976.08,1976.08,1976.08,1976.08,0.0,2020,8,31
2020-08-31 10:35:00+00:00,1972.24,1976.08,1972.24,1976.08,0.066429,2020,8,31
2020-08-31 10:40:00+00:00,1976.08,1976.08,1976.08,1976.08,0.13627,2020,8,31
2020-08-31 10:45:00+00:00,1972.27,1976.08,1969.69,1976.08,0.295512,2020,8,31
2020-08-31 10:50:00+00:00,1976.08,1976.08,1976.08,1976.08,0.0,2020,8,31
2020-08-31 10:55:00+00:00,1976.08,1976.08,1976.08,1976.08,0.0,2020,8,31
2020-08-31 11:00:00+00:00,1976.08,1976.08,1976.08,1976.08,0.0,2020,8,31
2020-08-31 11:05:00+00:00,1976.08,1976.08,1976.08,1976.08,0.006002,2020,8,31
2020-08-31 11:10:00+00:00,1976.08,1976.08,1976.08,1976.08,0.006002,2020,8,31
2020-08-31 11:15:00+00:00,1976.08,1976.08,1976.08,1976.08,0.0,2020,8,31
2020-08-31 11:20:00+00:00,1976.08,1976.08,1970.01,1970.01,0.070661,2020,8,31
2020-08-31 11:25:00+00:00,1970.0,1970.0,1970.0,1970.0,0.025277,2020,8,31
2020-08-31 11:30:00+00:00,1976.07,1976.07,1975.08,1975.08,0.119595,2020,8,31
2020-08-31 11:35:00+00:00,1975.08,1976.08,1975.08,1976.08,0.014477,2020,8,31
2020-08-31 11:40:00+00:00,1976.08,1976.08,1969.7,1976.08,2.788509,2020,8,31
2020-08-31 11:45:00+00:00,1976.08,1976.08,1976.08,1976.08,0.0,2020,8,31
2020-08-31 11:50:00+00:00,1976.08,1976.08,1976.08,1976.08,0.0,2020,8,31
2020-08-31 11:55:00+00:00,1975.99,1975.99,1975.99,1975.99,0.01,2020,8,31
2020-08-31 12:00:00+00:00,1975.68,1975.68,1970.01,1970.01,0.149,2020,8,31
2020-08-31 12:05:00+00:00,1970.01,1970.01,1970.01,1970.01,0.110398,2020,8,31
2020-08-31 12:10:00+00:00,1970.01,1970.01,1970.01,1970.01,0.0,2020,8,31
2020-08-31 12:15:00+00:00,1970.01,1970.01,1970.01,1970.01,0.12823,2020,8,31
2020-08-31 12:20:00+00:00,1970.01,1970.01,1970.01,1970.01,0.315974,2020,8,31
2020-08-31 12:25:00+00:00,1970.01,1970.01,1970.01,1970.01,0.440183,2020,8,31
2020-08-31 12:30:00+00:00,1970.01,1970.01,1970.0,1970.0,0.3258,2020,8,31
2020-08-31 12:35:00+00:00,1970.0,1976.08,1964.39,1976.08,1.998886,2020,8,31
2020-08-31 12:40:00+00:00,1976.08,1976.08,1976.08,1976.08,0.0,2020,8,31
2020-08-31 12:45:00+00:00,1976.07,1976.07,1976.07,1976.07,0.166279,2020,8,31
2020-08-31 12:50:00+00:00,1976.08,1976.08,1976.08,1976.08,1.419283,2020,8,31
2020-08-31 12:55:00+00:00,1969.7,1969.7,1966.95,1966.95,0.822618,2020,8,31
2020-08-31 13:00:00+00:00,1973.61,1975.0,1973.61,1975.0,0.18443,2020,8,31
2020-08-31 13:05:00+00:00,1975.0,1975.0,1975.0,1975.0,0.027623,2020,8,31
2020-08-31 13:10:00+00:00,1975.0,1975.0,1975.0,1975.0,0.0,2020,8,31
2020-08-31 13:15:00+00:00,1975.0,1975.0,1975.0,1975.0,0.03118,2020,8,31
2020-08-31 13:20:00+00:00,1975.0,1975.0,1969.69,1969.69,0.091795,2020,8,31
2020-08-31 13:25:00+00:00,1969.69,1969.69,1969.69,1969.69,0.0,2020,8,31
2020-08-31 13:30:00+00:00,1969.69,1969.69,1969.69,1969.69,0.0,2020,8,31
2020-08-31 13:35:00+00:00,1974.99,1974.99,1968.75,1974.99,0.036455,2020,8,31
2020-08-31 13:40:00+00:00,1974.98,1975.0,1969.7,1969.7,0.218133,2020,8,31
2020-08-31 13:45:00+00:00,1974.99,1975.0,1969.69,1975.0,0.809437,2020,8,31
2020-08-31 13:50:00+00:00,1969.7,1975.0,1966.81,1975.0,0.599293,2020,8,31
2020-08-31 13:55:00+00:00,1969.7,1974.99,1969.7,1974.99,0.09701,2020,8,31
2020-08-31 14:00:00+00:00,1974.99,1976.08,1974.99,1976.08,0.036837,2020,8,31
2020-08-31 14:05:00+00:00,1974.99,1974.99,1969.69,1974.99,0.22708,2020,8,31
2020-08-31 14:10:00+00:00,1974.99,1976.08,1974.99,1976.08,0.882332,2020,8,31
2020-08-31 14:15:00+00:00,1976.08,1976.08,1976.08,1976.08,0.085191,2020,8,31
2020-08-31 14:20:00+00:00,1976.08,1976.08,1976.08,1976.08,0.0,2020,8,31
2020-08-31 14:25:00+00:00,1975.0,1975.0,1968.32,1968.32,1.245285,2020,8,31
2020-08-31 14:30:00+00:00,1968.32,1975.0,1966.0,1975.0,0.637786,2020,8,31
2020-08-31 14:35:00+00:00,1969.7,1969.7,1969.7,1969.7,0.050769,2020,8,31
2020-08-31 14:40:00+00:00,1969.7,1969.7,1969.7,1969.7,0.0,2020,8,31
2020-08-31 14:45:00+00:00,1971.0,1971.0,1969.69,1969.69,1.250373,2020,8,31
2020-08-31 14:50:00+00:00,1968.32,1972.24,1966.0,1972.24,0.702298,2020,8,31
2020-08-31 14:55:00+00:00,1966.0,1975.0,1964.39,1969.7,8.000519,2020,8,31
2020-08-31 15:00:00+00:00,1974.98,1975.0,1974.98,1975.0,0.056354,2020,8,31
2020-08-31 15:05:00+00:00,1975.0,1975.0,1975.0,1975.0,0.0,2020,8,31
2020-08-31 15:10:00+00:00,1975.0,1975.0,1975.0,1975.0,0.0,2020,8,31
2020-08-31 15:15:00+00:00,1975.0,1975.0,1975.0,1975.0,0.0,2020,8,31
2020-08-31 15:20:00+00:00,1969.69,1969.69,1969.69,1969.69,0.0111,2020,8,31
2020-08-31 15:25:00+00:00,1969.69,1969.69,1969.69,1969.69,0.0,2020,8,31
2020-08-31 15:30:00+00:00,1969.69,1969.69,1969.69,1969.69,0.02534,2020,8,31
2020-08-31 15:35:00+00:00,1969.69,1969.69,1969.69,1969.69,0.132014,2020,8,31
2020-08-31 15:40:00+00:00,1974.86,1974.86,1974.86,1974.86,0.172858,2020,8,31
2020-08-31 15:45:00+00:00,1974.82,1974.86,1974.82,1974.86,0.420799,2020,8,31
2020-08-31 15:50:00+00:00,1974.86,1974.99,1974.86,1974.86,0.131265,2020,8,31
2020-08-31 15:55:00+00:00,1974.86,1974.86,1974.86,1974.86,0.0,2020,8,31
2020-08-31 16:00:00+00:00,1974.98,1974.99,1974.98,1974.99,0.305805,2020,8,31
2020-08-31 16:05:00+00:00,1976.08,1976.08,1975.98,1975.98,1.011545,2020,8,31
2020-08-31 16:10:00+00:00,1975.98,1975.98,1975.98,1975.98,0.249035,2020,8,31
2020-08-31 16:15:00+00:00,1975.98,1975.98,1975.98,1975.98,0.0,2020,8,31
2020-08-31 16:20:00+00:00,1975.94,1975.97,1975.94,1975.97,1.53994,2020,8,31
2020-08-31 16:25:00+00:00,1975.96,1975.98,1975.96,1975.98,1.113524,2020,8,31
2020-08-31 16:30:00+00:00,1976.08,1976.08,1975.98,1975.98,7.380131,2020,8,31
2020-08-31 16:35:00+00:00,1969.71,1975.0,1966.0,1975.0,4.424744,2020,8,31
2020-08-31 16:40:00+00:00,1975.98,1975.98,1975.0,1975.0,3.272998,2020,8,31
2020-08-31 16:45:00+00:00,1975.98,1976.08,1975.0,1976.08,1.068906,2020,8,31
2020-08-31 16:50:00+00:00,1976.08,1976.08,1976.08,1976.08,0.0,2020,8,31
2020-08-31 16:55:00+00:00,1976.08,1976.08,1976.08,1976.08,0.0,2020,8,31
2020-08-31 17:00:00+00:00,1976.08,1976.08,1976.08,1976.08,0.0,2020,8,31
2020-08-31 17:05:00+00:00,1970.03,1970.03,1970.03,1970.03,0.148504,2020,8,31
2020-08-31 17:10:00+00:00,1976.0,1976.0,1976.0,1976.0,1.0062,2020,8,31
2020-08-31 17:15:00+00:00,1976.07,1977.89,1976.07,1977.89,1.118944,2020,8,31
2020-08-31 17:20:00+00:00,1977.89,1977.89,1977.89,1977.89,0.0,2020,8,31
2020-08-31 17:25:00+00:00,1977.89,1980.99,1977.89,1978.8,0.953094,2020,8,31
2020-08-31 17:30:00+00:00,1980.99,1980.99,1980.99,1980.99,0.06146,2020,8,31
2020-08-31 17:35:00+00:00,1980.99,1980.99,1975.62,1975.62,0.093043,2020,8,31
2020-08-31 17:40:00+00:00,1981.0,1981.0,1975.62,1975.62,0.070495,2020,8,31
2020-08-31 17:45:00+00:00,1975.62,1975.62,1975.62,1975.62,0.126587,2020,8,31
2020-08-31 17:50:00+00:00,1975.62,1975.62,1975.62,1975.62,0.0,2020,8,31
2020-08-31 17:55:00+00:00,1980.99,1980.99,1980.99,1980.99,0.006562,2020,8,31
2020-08-31 18:00:00+00:00,1980.99,1980.99,1980.99,1980.99,0.0,2020,8,31
2020-08-31 18:05:00+00:00,1980.99,1980.99,1979.32,1979.32,0.085589,2020,8,31
2020-08-31 18:10:00+00:00,1979.33,1979.33,1979.32,1979.32,0.472279,2020,8,31
2020-08-31 18:15:00+00:00,1979.32,1979.32,1979.32,1979.32,0.0,2020,8,31
2020-08-31 18:20:00+00:00,1979.32,1979.32,1979.32,1979.32,0.034791,2020,8,31
2020-08-31 18:25:00+00:00,1975.62,1975.62,1975.62,1975.62,0.057587,2020,8,31
2020-08-31 18:30:00+00:00,1979.32,1979.32,1979.32,1979.32,0.055625,2020,8,31
2020-08-31 18:35:00+00:00,1975.62,1975.62,1975.62,1975.62,0.356264,2020,8,31
2020-08-31 18:40:00+00:00,1975.62,1975.62,1975.62,1975.62,0.0,2020,8,31
2020-08-31 18:45:00+00:00,1975.62,1975.62,1975.62,1975.62,0.060063,2020,8,31
2020-08-31 18:50:00+00:00,1975.62,1979.31,1975.62,1979.31,0.39416,2020,8,31
2020-08-31 18:55:00+00:00,1979.32,1979.32,1979.32,1979.32,0.1,2020,8,31
2020-08-31 19:00:00+00:00,1979.32,1979.32,1979.32,1979.32,0.0,2020,8,31
2020-08-31 19:05:00+00:00,1979.32,1979.32,1975.62,1975.62,0.426969,2020,8,31
2020-08-31 19:10:00+00:00,1975.62,1975.62,1975.62,1975.62,0.0,2020,8,31
2020-08-31 19:15:00+00:00,1975.62,1975.62,1974.64,1974.64,0.110769,2020,8,31
2020-08-31 19:20:00+00:00,1974.64,1974.64,1974.64,1974.64,0.092789,2020,8,31
2020-08-31 19:25:00+00:00,1975.62,1975.62,1974.64,1974.64,0.042561,2020,8,31
2020-08-31 19:30:00+00:00,1974.64,1974.64,1974.64,1974.64,0.0,2020,8,31
2020-08-31 19:35:00+00:00,1974.64,1974.64,1974.64,1974.64,0.0,2020,8,31
2020-08-31 19:40:00+00:00,1974.64,1979.32,1971.46,1973.8,0.990331,2020,8,31
2020-08-31 19:45:00+00:00,1973.8,1973.8,1973.8,1973.8,0.0,2020,8,31
2020-08-31 19:50:00+00:00,1973.8,1973.8,1973.8,1973.8,0.0,2020,8,31
2020-08-31 19:55:00+00:00,1973.8,1973.8,1973.8,1973.8,0.0,2020,8,31
2020-08-31 20:00:00+00:00,1973.8,1973.8,1972.43,1972.43,0.02709,2020,8,31
2020-08-31 20:05:00+00:00,1974.01,1974.01,1971.47,1971.47,0.167081,2020,8,31
2020-08-31 20:10:00+00:00,1971.46,1971.46,1971.46,1971.46,0.036521,2020,8,31
2020-08-31 20:15:00+00:00,1971.46,1971.46,1971.46,1971.46,0.831902,2020,8,31
2020-08-31 20:20:00+00:00,1971.46,1971.46,1970.48,1970.48,0.201086,2020,8,31
2020-08-31 20:25:00+00:00,1971.46,1971.46,1971.46,1971.46,0.241743,2020,8,31
2020-08-31 20:30:00+00:00,1975.98,1975.98,1975.98,1975.98,0.199456,2020,8,31
2020-08-31 20:35:00+00:00,1971.46,1976.0,1971.46,1976.0,0.562329,2020,8,31
2020-08-31 20:40:00+00:00,1976.0,1976.0,1976.0,1976.0,0.128494,2020,8,31
2020-08-31 20:45:00+00:00,1976.0,1976.0,1976.0,1976.0,0.0,2020,8,31
2020-08-31 20:50:00+00:00,1971.46,1971.46,1969.69,1969.7,0.10307,2020,8,31
2020-08-31 20:55:00+00:00,1969.7,1969.7,1969.7,1969.7,0.0,2020,8,31
2020-08-31 21:00:00+00:00,1969.7,1969.7,1969.7,1969.7,0.447134,2020,8,31
2020-08-31 21:05:00+00:00,1969.7,1969.7,1969.7,1969.7,0.0,2020,8,31
2020-08-31 21:10:00+00:00,1974.0,1976.0,1974.0,1976.0,0.207251,2020,8,31
2020-08-31 21:15:00+00:00,1976.0,1976.0,1976.0,1976.0,0.011134,2020,8,31
2020-08-31 21:20:00+00:00,1976.0,1976.0,1976.0,1976.0,0.0,2020,8,31
2020-08-31 21:25:00+00:00,1970.51,1970.51,1970.51,1970.51,0.483294,2020,8,31
2020-08-31 21:30:00+00:00,1970.51,1970.51,1970.51,1970.51,0.0,2020,8,31
2020-08-31 21:35:00+00:00,1970.51,1970.51,1970.51,1970.51,0.0,2020,8,31
2020-08-31 21:40:00+00:00,1970.51,1970.51,1970.51,1970.51,0.017995,2020,8,31
2020-08-31 21:45:00+00:00,1970.51,1975.9,1970.51,1975.9,0.091121,2020,8,31
2020-08-31 21:50:00+00:00,1975.9,1976.0,1968.32,1968.32,0.865716,2020,8,31
2020-08-31 21:55:00+00:00,1968.32,1968.32,1968.32,1968.32,0.0,2020,8,31
2020-08-31 22:00:00+00:00,1974.0,1979.69,1974.0,1979.12,4.586993,2020,8,31
2020-08-31 22:05:00+00:00,1979.58,1982.0,1979.58,1982.0,0.60358,2020,8,31
2020-08-31 22:10:00+00:00,1981.67,1981.67,1981.67,1981.67,0.007553,2020,8,31
2020-08-31 22:15:00+00:00,1978.3,1978.3,1977.93,1977.93,0.892712,2020,8,31
2020-08-31 22:20:00+00:00,1977.93,1977.93,1976.56,1976.56,0.584024,2020,8,31
2020-08-31 22:25:00+00:00,1976.55,1981.99,1976.55,1981.99,0.039591,2020,8,31
2020-08-31 22:30:00+00:00,1981.99,1981.99,1981.99,1981.99,0.0,2020,8,31
2020-08-31 22:35:00+00:00,1981.99,1981.99,1981.99,1981.99,0.0,2020,8,31
2020-08-31 22:40:00+00:00,1981.9,1981.9,1981.9,1981.9,0.112603,2020,8,31
2020-08-31 22:45:00+00:00,1976.55,1976.55,1973.77,1973.77,1.493575,2020,8,31
2020-08-31 22:50:00+00:00,1973.77,1973.77,1973.77,1973.77,0.0,2020,8,31
2020-08-31 22:55:00+00:00,1973.77,1973.77,1969.98,1969.98,0.624821,2020,8,31
2020-08-31 23:00:00+00:00,1969.98,1969.98,1969.98,1969.98,0.0,2020,8,31
2020-08-31 23:05:00+00:00,1969.98,1969.98,1969.98,1969.98,0.0,2020,8,31
2020-08-31 23:10:00+00:00,1974.0,1982.0,1974.0,1979.81,8.929719,2020,8,31
2020-08-31 23:15:00+00:00,1976.55,1976.55,1975.65,1975.65,0.312195,2020,8,31
2020-08-31 23:20:00+00:00,1975.65,1975.65,1975.65,1975.65,0.04698,2020,8,31
2020-08-31 23:25:00+00:00,1975.65,1975.65,1975.65,1975.65,0.752628,2020,8,31
2020-08-31 23:30:00+00:00,1975.65,1975.65,1975.65,1975.65,0.03826,2020,8,31
2020-08-31 23:35:00+00:00,1975.65,1975.65,1975.65,1975.65,0.1009,2020,8,31
2020-08-31 23:40:00+00:00,1975.65,1975.65,1975.65,1975.65,0.0,2020,8,31
2020-08-31 23:45:00+00:00,1975.65,1975.65,1973.8,1975.42,0.559676,2020,8,31
2020-08-31 23:50:00+00:00,1973.8,1973.8,1971.48,1971.48,0.534028,2020,8,31
2020-08-31 23:55:00+00:00,1971.48,1971.48,1968.0,1971.48,0.466741,2020,8,31
